"UNITID","GBA4RTT","GRRTM","GRRTW"
100654,8,23,36
100663,40,59,66
100706,27,55,61
100724,16,27,37
100751,50,68,73
100760,NA,15,19
100830,9,29,37
100858,51,76,82
100937,61,63,77
101028,NA,19,18
101116,0,13,10
101143,NA,19,22
101161,NA,14,18
101189,15,22,45
101240,NA,23,27
101286,NA,36,27
101295,NA,45,44
101301,NA,34,29
101365,0,71,11
101435,41,42,59
101453,33,100,0
101462,NA,12,16
101471,NA,32,24
101480,20,33,49
101505,NA,12,18
101514,NA,25,27
101569,NA,19,20
101587,21,29,39
101602,NA,45,33
101648,NA,30,30
101675,13,19,34
101693,38,57,53
101709,33,43,61
101736,NA,28,21
101879,21,44,52
101897,NA,38,52
101912,29,37,61
101994,NA,31,26
102030,NA,37,19
102049,65,73,78
102058,1,0,2
102067,NA,20,20
102076,NA,40,40
102094,25,41,50
102234,43,48,61
102270,19,13,40
102298,12,34,34
102313,NA,28,10
102368,25,40,53
102377,29,41,58
102429,NA,29,26
102553,12,26,31
102580,100,40,40
102614,25,38,31
102632,13,27,25
102669,41,29,60
102845,0,41,45
103501,NA,68,77
103893,NA,52,68
103945,NA,43,31
104090,32,33,40
104151,49,61,66
104160,NA,24,26
104179,47,61,68
104188,17,24,8
104346,NA,20,18
104425,NA,21,30
104577,NA,46,26
104586,42,66,76
104708,NA,15,20
104717,35,40,41
105145,NA,17,24
105154,NA,14,22
105206,NA,17,15
105297,NA,9,14
105330,41,51,61
105349,NA,24,8
105428,NA,13,19
105525,NA,19,23
105534,NA,58,73
105543,NA,59,63
105589,20,27,34
105659,NA,68,75
105668,NA,3,10
105747,NA,17,23
105792,NA,22,24
105899,36,42,56
106041,NA,69,65
106148,NA,29,32
106245,25,41,44
106306,5,7,10
106342,46,50,57
106397,49,62,70
106412,17,26,42
106449,NA,28,30
106458,35,47,58
106467,25,35,42
106485,13,29,30
106546,NA,50,60
106625,NA,31,25
106704,28,37,48
106713,19,27,25
106795,NA,54,35
106810,6,19,26
106883,NA,49,28
106980,NA,28,35
106999,NA,29,48
107044,48,61,74
107071,24,36,41
107080,66,63,78
107141,62,74,70
107318,NA,22,25
107327,NA,36,28
107460,NA,27,21
107512,57,56,69
107521,NA,16,24
107549,NA,39,66
107558,39,49,56
107585,NA,37,37
107600,35,54,39
107619,NA,54,38
107637,NA,24,20
107664,NA,19,32
107725,NA,41,40
107743,NA,48,46
107840,NA,0,14
107877,33,37,40
107974,NA,44,25
107983,29,42,45
107992,NA,70,49
108092,21,29,40
108232,7,38,51
108667,NA,23,34
108807,NA,29,41
108852,NA,56,56
109040,NA,59,66
109208,NA,25,25
109350,NA,26,28
109651,28,61,73
109785,48,64,70
109819,NA,19,21
109907,NA,26,27
109934,NA,58,72
110060,8,15,39
110097,57,72,75
110219,NA,24,15
110246,NA,33,33
110334,NA,26,28
110361,43,62,64
110370,46,71,60
110404,84,93,94
110413,61,61,75
110422,51,78,87
110468,0,14,17
110486,16,35,48
110495,19,54,61
110510,14,52,57
110529,23,67,73
110538,30,64,70
110547,8,39,48
110556,16,50,61
110565,23,62,74
110574,13,44,53
110583,26,70,76
110592,8,46,55
110608,15,48,61
110617,12,50,58
110635,76,91,94
110644,63,84,88
110653,69,82,86
110662,80,90,93
110671,56,73,79
110680,65,85,89
110705,68,81,86
110714,52,73,76
110918,0,0,0
111081,54,56,65
111188,51,66,70
111434,NA,29,35
111461,NA,35,40
111638,NA,42,30
111887,NA,25,28
111896,NA,21,28
111920,NA,27,35
111939,NA,26,26
111948,72,77,83
112075,56,55,68
112084,39,50,56
112172,NA,35,41
112190,NA,34,35
112260,85,90,92
112385,NA,20,26
112394,27,52,60
112561,NA,21,30
112570,48,48,55
112686,NA,14,19
112826,NA,30,29
113096,NA,25,30
113111,NA,26,31
113193,NA,38,38
113218,NA,31,33
113236,NA,33,34
113333,NA,63,67
113573,NA,24,32
113582,56,50,56
113634,NA,46,50
113698,63,65,72
113856,NA,40,35
113980,NA,31,38
114123,NA,45,60
114266,NA,22,34
114354,NA,62,72
114390,NA,62,72
114433,NA,21,35
114716,NA,63,58
114789,NA,19,23
114813,66,65,68
114859,NA,27,34
114938,NA,26,35
115001,NA,33,38
115010,NA,65,69
115126,NA,31,41
115296,NA,28,31
115393,NA,34,39
115409,86,94,89
115728,34,47,49
115755,17,44,53
115773,33,29,56
115861,NA,30,40
115931,NA,83,76
116439,NA,42,50
116846,100,100,100
117052,NA,28,27
117104,26,37,54
117140,57,64,81
117168,27,56,58
117195,NA,15,42
117247,NA,25,23
117274,NA,20,32
117557,78,67,100
117627,24,49,46
117645,NA,19,22
117690,NA,24,28
117706,NA,30,35
117715,NA,20,13
117724,NA,26,24
117733,NA,24,28
117751,55,66,72
117788,NA,21,22
117867,NA,17,24
117894,NA,31,35
117946,73,76,83
118198,NA,54,67
118347,NA,32,38
118541,11,26,38
118684,NA,24,28
118693,45,45,79
118718,NA,31,30
118772,NA,22,22
118912,NA,28,38
118930,NA,31,30
118976,NA,20,24
119067,NA,30,32
119137,NA,37,44
119164,NA,35,37
119173,47,63,65
119216,NA,24,28
119270,16,61,70
119331,NA,34,31
119605,10,36,27
119775,14,50,33
120078,NA,36,37
120166,60,63,50
120184,44,49,54
120254,80,84,88
120290,NA,45,49
120342,NA,37,42
120403,55,48,75
120421,NA,31,37
120537,10,61,49
120661,NA,72,77
120838,50,100,0
120865,32,55,58
120883,47,66,75
120953,NA,28,38
120971,NA,27,33
121044,NA,34,40
121150,79,84,87
121257,78,81,88
121275,NA,71,82
121309,68,71,77
121345,89,94,93
121363,NA,33,37
121619,NA,23,33
121691,67,70,81
121707,NA,23,28
121886,NA,24,22
121901,NA,26,31
122180,NA,23,24
122205,NA,37,46
122339,NA,18,24
122375,NA,23,33
122384,NA,38,42
122409,39,69,75
122436,66,79,83
122454,39,32,55
122506,58,54,67
122597,22,53,58
122612,66,72,77
122658,NA,30,30
122685,NA,58,53
122728,51,47,73
122746,NA,24,31
122755,15,59,69
122791,NA,41,45
122834,NA,73,50
122852,NA,67,50
122889,NA,40,43
122931,87,89,94
122977,NA,27,30
123013,NA,36,38
123217,NA,27,31
123280,38,60,75
123299,NA,24,26
123341,NA,34,45
123457,38,35,49
123484,NA,21,18
123493,NA,84,81
123509,NA,36,35
123527,NA,17,17
123554,69,71,83
123563,NA,24,27
123572,33,56,65
123642,NA,33,33
123651,51,53,61
123679,NA,81,82
123800,NA,22,31
123952,0,90,100
123961,78,90,93
124113,NA,30,40
124292,78,84,84
124487,0,0,17
124706,NA,75,77
124937,NA,69,75
125028,NA,34,43
125091,NA,19,22
125170,NA,32,45
125462,NA,27,34
125471,NA,20,15
125499,NA,28,43
125532,NA,59,59
125727,75,75,81
125763,66,64,78
125897,28,51,56
126119,NA,24,30
126182,19,25,36
126207,NA,29,25
126289,NA,24,27
126359,NA,0,41
126562,24,47,55
126580,25,43,47
126605,NA,97,100
126614,46,65,74
126669,46,50,57
126678,80,79,86
126687,NA,70,77
126711,0,23,28
126748,NA,35,51
126775,62,82,85
126784,NA,85,67
126818,45,66,73
126827,20,22,30
126863,NA,21,21
126872,NA,43,63
126942,NA,12,18
126951,NA,58,44
127060,67,72,81
127185,28,40,43
127200,NA,16,20
127389,NA,36,45
127556,22,30,38
127565,10,22,35
127617,NA,41,52
127653,35,24,45
127714,0,36,33
127732,NA,46,49
127741,31,46,56
127778,NA,33,47
127820,NA,13,20
127884,NA,22,19
127909,NA,31,34
127918,52,61,65
127945,21,50,38
128106,21,29,42
128151,NA,65,76
128179,NA,56,74
128188,NA,66,78
128258,NA,51,50
128328,84,85,86
128391,28,48,56
128498,52,60,63
128577,NA,40,32
128744,34,44,46
128771,30,54,61
128902,80,84,84
129020,73,81,87
129154,2,42,37
129181,NA,62,54
129215,46,52,61
129242,80,84,83
129367,NA,7,12
129482,NA,50,44
129525,50,56,62
129543,NA,14,14
129695,NA,19,21
129729,NA,14,17
129756,NA,27,24
129774,33,38,49
129808,NA,13,16
129941,51,61,62
130004,NA,12,16
130040,NA,21,21
130110,56,50,64
130183,22,29,34
130217,NA,23,20
130226,65,74,79
130253,68,68,75
130396,NA,8,17
130493,29,46,55
130509,NA,57,53
130590,79,82,84
130606,NA,9,16
130624,89,90,87
130697,88,89,94
130776,33,48,56
130794,88,97,98
130907,NA,18,14
130934,27,35,45
130943,72,77,83
130989,49,62,56
131098,17,25,33
131113,13,20,22
131159,75,76,80
131283,65,68,77
131399,7,10,16
131450,27,49,53
131469,76,81,83
131496,91,93,96
131520,52,62,66
131803,50,67,33
132374,NA,60,62
132408,21,35,57
132471,21,35,34
132602,15,27,37
132657,46,43,61
132693,NA,40,49
132709,NA,29,33
132842,22,50,20
132851,NA,32,37
132879,21,28,40
132903,44,66,78
132976,NA,89,90
133021,NA,42,51
133155,NA,74,86
133386,NA,40,43
133465,4,6,21
133492,59,65,67
133508,NA,27,37
133526,17,19,39
133553,32,60,71
133650,22,41,59
133669,28,46,54
133702,NA,33,39
133711,41,50,55
133809,17,43,59
133845,NA,71,66
133854,NA,58,59
133863,NA,56,63
133872,21,60,35
133881,44,54,73
133951,34,57,67
133960,NA,32,37
133979,20,29,42
133997,NA,53,62
134079,61,65,69
134097,68,79,86
134112,17,34,44
134130,67,85,91
134237,42,42,47
134291,NA,56,74
134307,NA,8,0
134343,NA,37,45
134495,NA,34,32
134510,50,40,71
134608,NA,40,42
134811,27,23,44
134945,40,46,59
135081,58,70,68
135160,NA,56,51
135188,NA,42,52
135267,NA,68,64
135294,NA,33,42
135391,NA,33,39
135407,NA,91,86
135647,NA,60,40
135717,NA,29,36
135726,73,80,86
135735,NA,77,67
136145,NA,45,48
136172,35,62,71
136215,48,57,58
136233,NA,33,36
136303,NA,55,75
136330,47,51,60
136358,NA,34,40
136400,NA,32,36
136473,NA,24,32
136491,NA,53,40
136516,NA,26,30
136659,NA,63,64
136774,57,61,72
136826,NA,50,77
136950,67,69,78
137032,32,46,51
137078,NA,28,37
137087,NA,50,53
137096,NA,56,62
137120,NA,45,27
137209,NA,41,41
137245,NA,62,67
137281,NA,43,46
137315,NA,48,50
137351,60,71,78
137476,34,45,42
137546,60,60,69
137564,29,34,55
137713,NA,70,88
137759,NA,33,38
137801,NA,75,73
137847,49,52,63
137953,15,35,31
137962,10,0,33
138187,NA,39,45
138275,28,34,61
138284,NA,86,95
138293,27,32,57
138309,11,15,28
138354,25,42,50
138372,NA,67,66
138479,NA,57,64
138497,NA,76,55
138558,8,28,25
138655,NA,33,39
138664,NA,29,25
138682,NA,46,32
138716,12,18,26
138761,NA,11,25
138813,14,20,26
138840,NA,50,31
138868,22,22,40
138901,0,16,17
138947,31,41,45
138956,NA,48,25
139144,63,62,76
139153,3,30,4
139199,40,0,46
139205,7,15,29
139250,11,26,27
139278,NA,31,30
139311,8,24,34
139357,NA,34,20
139366,15,32,42
139384,NA,52,42
139393,59,60,68
139463,7,21,29
139579,4,5,14
139621,NA,11,13
139630,33,36,47
139658,82,87,92
139700,NA,12,12
139719,11,31,39
139755,46,89,91
139764,19,29,45
139861,49,61,65
139931,25,43,56
139940,28,47,60
139959,65,85,89
139968,NA,12,20
139986,NA,45,41
139995,NA,93,98
140003,NA,25,31
140012,NA,43,27
140234,36,35,51
140243,NA,40,39
140252,17,24,37
140331,NA,24,19
140340,36,48,28
140447,52,60,71
140678,NA,37,26
140696,35,41,54
140720,7,10,19
140818,37,42,47
140872,27,28,49
140942,NA,50,31
140951,57,68,71
140960,10,23,34
140988,29,27,48
141006,NA,69,54
141015,NA,41,52
141167,11,45,50
141185,34,43,48
141237,29,35,44
141255,NA,49,43
141264,18,30,47
141334,21,35,51
141361,30,47,39
141486,43,59,60
141565,21,41,46
141574,34,58,62
141644,30,40,47
141680,NA,27,25
141796,NA,19,22
141802,NA,23,25
141811,NA,17,25
141839,50,17,21
141981,9,25,29
141990,NA,29,27
142054,NA,67,62
142090,28,45,57
142115,26,46,55
142179,NA,60,55
142276,16,35,36
142285,35,53,59
142294,54,61,70
142328,16,35,41
142407,NA,0,17
142443,NA,27,24
142461,42,55,64
142522,19,48,63
142559,NA,18,25
142887,32,43,62
142957,0,0,100
143048,49,67,71
143084,65,70,71
143118,40,44,62
143215,NA,26,30
143279,NA,28,37
143288,29,38,44
143358,60,75,80
143613,NA,40,45
144005,7,16,17
144050,90,94,95
144157,NA,29,24
144166,NA,19,25
144175,NA,23,18
144184,NA,28,26
144193,NA,31,20
144209,NA,16,22
144218,NA,24,28
144281,42,50,50
144351,34,43,50
144485,NA,59,41
144564,NA,41,45
144740,61,73,74
144865,NA,22,30
144883,10,11,11
144892,36,49,55
144944,NA,30,39
144962,57,66,74
144971,45,37,60
145239,NA,50,61
145372,50,55,57
145497,4,4,4
145521,NA,34,39
145600,34,58,62
145619,34,43,48
145637,70,82,89
145646,72,74,80
145682,NA,37,40
145691,59,58,67
145707,NA,63,65
145725,40,68,78
145813,50,63,74
145831,NA,21,40
146205,NA,33,32
146278,NA,40,37
146296,NA,18,17
146339,51,51,62
146348,NA,28,40
146366,NA,31,38
146418,NA,35,36
146427,64,73,74
146472,NA,23,34
146481,71,76,78
146506,NA,49,54
146603,NA,39,45
146612,51,61,71
146667,45,48,68
146676,3,28,40
146685,NA,35,34
146700,NA,55,60
146719,66,70,76
146816,NA,20,24
146825,37,36,56
147004,NA,21,38
147013,47,53,67
147129,14,0,31
147244,51,49,67
147341,54,57,66
147369,53,62,73
147378,NA,24,32
147396,NA,86,0
147411,NA,16,21
147536,11,50,17
147660,61,69,69
147679,44,57,65
147703,25,46,51
147767,84,93,94
147776,4,17,24
147800,NA,18,28
147828,54,60,67
147916,NA,24,29
148007,NA,12,21
148016,62,73,85
148131,40,50,56
148256,NA,52,53
148292,NA,39,53
148335,66,38,42
148380,NA,25,35
148405,26,34,46
148487,29,40,41
148496,51,59,66
148584,42,59,65
148627,39,50,59
148654,42,51,56
148672,NA,38,45
148821,NA,48,25
148876,1,4,18
148937,NA,37,48
148991,NA,27,34
149222,32,45,52
149231,28,49,52
149310,NA,74,48
149365,NA,17,20
149505,56,64,69
149514,48,52,71
149532,NA,20,20
149639,47,67,67
149727,NA,32,39
149772,33,53,48
149781,82,85,92
149842,NA,29,40
150048,NA,18,30
150066,52,53,65
150136,53,62,69
150145,59,71,65
150163,73,79,84
150172,27,39,53
150251,NA,0,18
150400,80,81,87
150455,56,55,71
150534,55,64,71
150604,60,56,75
150668,52,66,63
150677,68,60,75
150756,67,62,74
150774,36,50,54
150941,59,67,72
150987,NA,24,25
151102,17,36,44
151111,28,46,53
151263,47,56,61
151290,27,34,43
151306,31,46,54
151324,29,39,43
151333,22,35,40
151342,16,35,40
151351,67,75,83
151360,16,34,35
151379,19,31,38
151388,30,31,46
151458,NA,75,71
151467,NA,80,78
151661,NA,58,44
151777,46,50,59
151786,42,50,76
151801,61,67,74
151810,0,17,6
151962,0,89,100
152044,NA,50,50
152080,91,95,97
152099,37,42,61
152318,78,84,93
152336,44,41,62
152530,69,72,81
152567,50,61,71
152600,62,70,73
152637,10,28,26
152992,35,31,53
153001,52,60,60
153074,NA,67,71
153083,NA,50,78
153108,62,62,72
153126,53,56,67
153144,64,62,68
153162,68,66,71
153214,NA,31,31
153250,70,75,75
153269,73,77,84
153278,28,38,50
153296,NA,25,35
153302,36,56,76
153311,NA,38,37
153320,26,45,42
153366,44,39,56
153375,43,46,64
153384,85,85,91
153427,NA,76,79
153445,NA,32,26
153463,NA,0,69
153472,NA,38,38
153524,NA,32,34
153533,NA,52,52
153588,NA,75,83
153597,NA,67,76
153603,47,71,78
153621,25,22,43
153630,NA,26,34
153658,55,70,74
153737,NA,32,33
153764,NA,33,50
153773,NA,67,73
153782,NA,0,54
153825,59,61,73
153834,67,70,79
153861,44,78,56
153922,NA,30,34
153977,0,60,28
154004,56,53,69
154013,51,55,68
154022,1,5,9
154059,NA,48,45
154095,43,63,70
154101,62,57,77
154110,NA,48,41
154129,NA,73,58
154165,NA,0,94
154208,NA,100,58
154235,55,56,69
154332,NA,100,47
154341,NA,50,52
154350,70,73,70
154378,NA,29,35
154396,NA,49,48
154448,NA,100,77
154466,NA,33,50
154493,41,42,54
154518,22,35,24
154527,58,62,63
154545,NA,73,63
154572,NA,43,36
154590,25,25,53
154642,NA,36,42
154688,45,66,62
154697,NA,31,32
154712,50,53,75
154721,30,32,35
154749,37,35,59
154800,NA,22,30
154855,22,23,44
154907,NA,39,54
154925,NA,35,44
154934,NA,35,47
154952,NA,35,42
154998,NA,26,42
155007,NA,25,12
155025,29,41,54
155052,NA,77,76
155061,23,40,46
155070,23,47,50
155089,35,36,60
155098,NA,28,39
155104,NA,31,48
155140,NA,32,64
155177,NA,50,53
155186,NA,37,37
155195,NA,41,44
155201,NA,19,33
155210,NA,21,31
155283,40,51,58
155292,NA,33,31
155317,48,65,68
155335,48,50,53
155399,37,61,69
155414,34,42,42
155450,NA,16,26
155487,NA,42,50
155496,38,51,71
155511,35,40,41
155520,34,35,50
155566,NA,26,39
155593,NA,64,62
155618,NA,55,61
155627,43,51,51
155681,29,50,55
155715,NA,41,38
155812,36,38,64
155830,NA,68,65
155858,NA,43,46
155900,37,36,50
155937,44,52,54
155973,33,36,54
156082,18,40,50
156107,NA,51,25
156125,23,44,56
156134,NA,53,60
156189,31,46,57
156213,57,66,70
156231,NA,52,31
156286,57,61,70
156295,55,59,76
156338,NA,36,37
156356,22,27,39
156365,28,30,42
156392,NA,21,26
156408,82,83,85
156471,NA,32,43
156541,36,33,58
156620,30,39,49
156648,NA,45,32
156745,38,38,50
156790,NA,36,36
156851,NA,35,43
156860,NA,26,25
156921,NA,24,22
157021,NA,29,30
157030,25,40,44
157058,12,18,31
157076,35,38,55
157085,45,63,70
157100,26,32,41
157216,31,32,45
157289,37,55,62
157304,NA,41,42
157331,NA,45,39
157377,35,25,45
157386,28,44,47
157401,31,51,57
157438,NA,45,47
157447,26,40,50
157483,NA,48,57
157535,19,22,34
157553,NA,35,21
157711,NA,28,29
157739,NA,36,32
157748,27,36,31
157757,23,31,44
157793,NA,16,22
157809,38,45,64
157818,66,65,75
157863,26,36,42
157951,31,42,54
158088,NA,65,71
158343,NA,95,89
158431,NA,13,16
158477,50,50,66
158662,NA,9,6
158802,30,52,50
158884,NA,21,25
159009,11,29,40
159197,NA,55,63
159382,18,23,31
159391,41,62,73
159407,NA,11,14
159416,14,29,34
159568,24,26,50
159647,39,54,67
159656,51,60,64
159717,24,41,50
159939,25,39,46
159948,4,25,29
159966,24,42,54
159993,41,46,47
160010,NA,44,30
160038,28,39,48
160065,14,33,41
160074,11,30,29
160481,NA,42,20
160524,NA,37,44
160579,NA,55,33
160612,18,33,44
160621,9,32,47
160630,6,13,25
160649,NA,6,14
160658,23,46,56
160667,NA,35,14
160755,77,83,88
160904,38,48,53
160959,45,43,58
160977,87,90,91
160995,NA,30,34
161004,89,93,97
161077,NA,30,28
161086,86,86,92
161138,NA,25,28
161192,NA,44,26
161217,9,9,16
161226,46,51,62
161235,21,36,36
161244,19,14,41
161253,38,55,59
161299,50,70,73
161341,25,28,45
161457,63,63,70
161484,NA,41,30
161509,50,52,55
161518,62,69,66
161545,NA,19,22
161554,20,39,41
161563,43,47,56
161572,46,51,66
161581,NA,60,21
161688,NA,25,25
161767,NA,27,29
161864,NA,14,14
161873,16,39,43
162007,16,36,48
162061,37,50,60
162104,NA,16,22
162122,NA,29,33
162168,NA,20,25
162210,17,46,38
162283,12,24,26
162557,NA,32,38
162584,25,43,58
162609,NA,25,23
162654,55,63,68
162690,NA,26,32
162706,NA,25,33
162760,55,59,68
162779,NA,22,27
162928,87,90,96
163028,NA,63,42
163046,79,80,85
163204,3,19,11
163268,42,67,77
163286,69,84,90
163295,67,66,74
163338,22,35,46
163426,NA,20,25
163453,17,40,46
163462,62,65,71
163657,NA,14,10
163851,52,64,74
163912,68,76,77
163976,67,63,77
164076,48,68,73
164155,90,92,92
164173,49,51,66
164216,68,72,74
164270,60,61,77
164313,NA,11,15
164447,34,38,49
164465,88,95,96
164492,36,33,54
164562,68,64,74
164580,90,90,97
164614,0,57,14
164641,17,38,31
164720,37,43,49
164739,85,86,95
164748,54,64,68
164775,NA,22,27
164872,0,9,25
164924,90,94,94
164988,84,87,89
165015,81,86,88
165024,37,55,65
165033,NA,18,19
165112,NA,13,16
165167,0,14,0
165194,NA,24,24
165264,0,100,0
165334,73,76,80
165529,46,46,57
165574,42,31,62
165635,NA,65,60
165644,31,42,39
165662,79,80,83
165671,59,53,70
165699,70,70,77
165802,26,29,36
165820,38,53,62
165866,48,56,63
165884,NA,46,57
165936,60,68,70
165981,NA,22,32
166018,51,59,65
166027,85,97,98
166054,63,50,83
166124,87,90,90
166133,NA,21,24
166391,55,46,66
166452,51,62,59
166489,NA,43,57
166513,41,62,73
166629,74,80,84
166638,24,43,55
166647,NA,20,19
166656,53,72,75
166674,54,72,70
166683,87,94,97
166692,63,75,83
166823,NA,17,22
166850,68,75,75
166887,NA,17,25
166911,51,64,56
166957,NA,21,23
167057,67,80,82
167260,55,51,72
167288,52,58,63
167297,NA,78,25
167312,NA,21,28
167358,0,86,91
167376,NA,13,24
167394,65,80,70
167455,16,100,37
167525,NA,15,16
167534,NA,21,23
167598,63,67,68
167631,NA,37,41
167729,40,52,60
167792,NA,68,69
167899,70,66,82
167905,NA,27,18
167987,37,55,65
167996,77,78,86
168005,42,54,60
168148,88,94,95
168227,60,72,77
168254,57,60,72
168263,50,57,65
168281,69,74,76
168342,88,94,96
168421,82,88,92
168430,41,51,62
168528,35,38,64
168546,61,65,75
168591,57,56,76
168607,NA,41,29
168740,37,52,64
168786,40,59,61
168847,8,13,14
168883,NA,34,33
169080,64,75,77
169187,NA,100,100
169248,28,57,64
169275,NA,12,16
169327,12,43,45
169363,27,36,43
169442,44,68,72
169479,39,45,52
169521,NA,16,14
169655,NA,66,63
169716,50,67,67
169798,19,37,52
169910,30,46,48
169974,NA,18,31
169983,8,63,65
169992,NA,32,28
170000,20,40,48
170037,51,54,65
170055,NA,15,22
170082,38,63,70
170091,16,17,29
170240,NA,9,9
170286,74,86,85
170301,72,75,84
170444,NA,16,18
170532,76,79,91
170541,NA,18,23
170550,NA,22,20
170587,NA,20,15
170620,NA,19,25
170639,33,52,49
170657,NA,15,21
170675,22,57,66
170790,NA,10,14
170806,30,43,70
170967,29,44,61
170976,80,91,96
171012,NA,100,100
171100,56,78,83
171128,30,67,76
171137,22,55,57
171146,16,42,38
171155,NA,16,15
171225,NA,19,21
171234,NA,36,41
171304,NA,18,21
171395,NA,23,26
171456,29,44,52
171483,NA,23,26
171492,44,49,61
171535,NA,12,14
171571,30,53,60
171599,31,41,51
171881,27,63,43
172051,15,36,49
172200,NA,15,16
172264,33,38,58
172291,NA,17,24
172307,NA,27,31
172334,39,52,62
172440,19,27,49
172617,NA,17,23
172635,NA,10,13
172644,20,46,49
172671,NA,28,36
172699,27,53,60
172866,NA,0,0
172918,NA,60,52
172954,NA,47,55
172963,NA,23,29
173045,47,51,63
173063,NA,41,45
173115,NA,27,38
173124,29,43,52
173142,43,45,61
173160,64,75,72
173203,NA,45,43
173258,88,91,93
173300,69,65,77
173328,39,50,53
173416,NA,59,40
173452,39,73,66
173461,NA,30,40
173559,NA,42,40
173638,NA,42,51
173647,73,75,81
173665,63,65,73
173708,NA,33,15
173735,NA,38,49
173799,NA,22,29
173805,NA,30,46
173902,86,89,92
173911,NA,31,20
173920,26,47,52
173993,NA,31,46
174020,13,35,33
174066,69,81,85
174075,43,41,60
174127,52,63,64
174136,NA,15,18
174154,100,0,60
174233,38,63,60
174251,47,53,62
174358,34,45,58
174376,NA,12,22
174428,NA,23,30
174437,41,45,56
174473,NA,36,47
174491,56,61,72
174507,50,25,60
174525,28,14,50
174570,NA,34,57
174604,NA,21,48
174738,NA,23,29
174756,NA,35,23
174783,24,45,51
174817,60,59,69
174844,81,85,88
174862,41,44,57
174899,59,63,72
174914,66,76,76
175005,48,0,58
175014,30,37,32
175041,NA,30,24
175078,35,41,57
175157,NA,27,48
175227,0,49,58
175236,NA,41,45
175263,NA,32,30
175272,37,52,63
175315,NA,16,22
175342,22,34,45
175421,40,36,63
175430,37,38,57
175519,NA,24,42
175573,NA,49,50
175607,NA,0,100
175616,20,32,43
175643,NA,36,46
175652,NA,45,50
175786,NA,37,29
175810,NA,36,38
175829,NA,42,50
175856,20,35,40
175883,NA,29,24
175935,NA,44,29
175980,63,59,87
176008,NA,32,37
176017,46,60,71
176035,24,42,39
176044,19,25,38
176053,45,49,65
176071,NA,39,36
176080,35,57,65
176169,NA,30,31
176178,NA,28,35
176239,NA,38,30
176318,16,14,36
176336,0,40,0
176354,NA,43,46
176372,28,44,51
176406,27,39,56
176479,30,40,54
176628,40,44,60
176664,15,30,36
176789,9,31,40
176910,18,45,33
176947,22,34,61
176965,30,46,55
177065,17,27,29
177135,NA,38,33
177144,45,47,56
177214,39,52,63
177250,NA,32,37
177302,NA,60,58
177339,44,51,59
177418,44,42,63
177472,NA,27,33
177542,33,31,51
177551,3,16,18
177676,NA,31,31
177746,50,61,61
177940,8,24,30
177968,32,45,55
177977,NA,74,76
177995,NA,23,24
178059,58,64,76
178183,NA,67,74
178208,13,70,93
178217,NA,30,35
178244,31,33,57
178341,15,28,36
178369,11,18,33
178387,14,36,39
178396,48,65,77
178402,23,47,52
178411,24,63,75
178420,32,50,54
178448,NA,31,34
178466,NA,79,100
178615,60,71,78
178624,33,49,54
178679,22,52,56
178697,58,66,77
178721,26,36,79
178891,29,53,43
179043,70,76,76
179052,NA,95,88
179159,71,75,82
179256,23,33,50
179265,NA,73,89
179308,NA,17,16
179326,33,45,48
179344,NA,21,32
179511,NA,0,40
179539,NA,28,35
179557,30,46,53
179566,33,51,59
179645,NA,28,28
179715,NA,50,33
179867,89,94,95
179894,38,56,60
179946,46,57,62
179955,53,63,62
179964,47,54,59
180054,NA,17,14
180081,NA,27,6
180106,49,59,66
180151,NA,38,30
180160,NA,33,67
180179,11,25,24
180197,NA,27,31
180203,NA,13,46
180212,NA,27,0
180249,NA,36,16
180258,28,37,39
180276,NA,46,25
180328,NA,4,20
180373,NA,39,28
180416,24,51,61
180461,27,53,62
180489,30,39,49
180522,19,33,22
180595,31,53,43
180647,14,51,54
180692,20,47,50
180814,9,26,23
180832,32,0,41
180878,51,40,58
180902,NA,42,28
180948,27,40,50
180957,NA,69,50
180984,46,55,75
181002,69,77,84
181020,44,47,62
181127,49,52,68
181190,NA,100,62
181215,27,51,60
181297,44,0,77
181303,NA,20,18
181312,NA,38,43
181330,36,31,52
181376,37,36,47
181394,24,46,53
181419,NA,25,25
181446,55,57,71
181464,41,61,70
181491,NA,53,49
181534,21,22,44
181543,67,50,100
181640,NA,39,23
181738,25,41,49
181765,NA,46,41
181783,34,49,53
181817,NA,32,28
181853,22,35,61
181941,NA,68,65
182005,NA,9,14
182148,NA,71,64
182281,17,40,48
182290,33,57,65
182306,3,56,26
182458,41,47,41
182500,NA,28,33
182564,NA,28,34
182634,53,64,61
182670,87,94,96
182795,41,44,54
182917,100,100,90
182980,23,31,28
183026,40,43,45
183044,68,73,79
183062,55,60,64
183071,52,47,49
183080,45,52,57
183099,NA,24,26
183105,NA,56,38
183114,NA,27,35
183123,NA,45,35
183132,NA,34,35
183141,NA,38,23
183150,NA,18,28
183211,37,49,45
183239,74,72,82
183257,11,33,16
183275,64,57,71
183488,NA,67,60
183655,NA,18,22
183743,NA,19,27
183789,23,33,49
183822,19,28,39
183859,NA,24,30
183877,NA,26,30
183910,54,61,71
183938,NA,19,22
183974,50,53,54
184092,NA,45,54
184180,NA,33,37
184205,NA,38,34
184348,66,67,71
184427,NA,69,50
184481,NA,9,12
184603,38,46,51
184612,26,48,46
184694,46,59,66
184773,39,56,53
184782,49,72,74
184791,NA,25,36
184959,NA,78,56
184995,NA,12,14
185129,13,39,42
185262,21,42,50
185509,NA,18,23
185536,NA,19,27
185572,60,75,72
185590,45,61,70
185679,NA,50,100
185721,NA,61,59
185828,37,64,81
185873,NA,33,42
186034,NA,11,11
186052,NA,69,76
186131,90,97,99
186201,59,68,76
186283,59,68,67
186371,34,58,71
186380,65,81,87
186399,40,61,78
186432,47,53,65
186469,NA,45,49
186584,67,69,76
186645,NA,24,33
186867,46,82,91
186876,61,73,80
187000,NA,75,100
187134,75,81,89
187198,NA,34,32
187444,34,47,64
187532,NA,27,31
187596,0,17,15
187620,NA,16,13
187639,NA,45,55
187648,22,29,43
187666,NA,29,33
187745,14,43,22
187897,11,17,28
187903,NA,27,19
187912,NA,38,62
187958,NA,6,8
187967,27,47,62
187976,NA,7,15
187985,29,50,57
187994,NA,2,12
188003,NA,16,15
188021,NA,13,21
188030,22,44,52
188049,NA,7,18
188058,11,20,24
188100,NA,28,21
188137,NA,18,31
188182,23,19,42
188216,NA,19,24
188225,NA,6,9
188261,NA,40,68
188304,14,35,34
188340,13,32,44
188429,61,64,78
188438,NA,30,29
188517,NA,7,32
188526,38,76,67
188641,43,50,66
188669,NA,80,71
188678,NA,100,75
188687,NA,0,33
188696,NA,0,6
188854,61,78,74
189088,64,75,79
189228,25,31,39
189413,16,76,80
189547,NA,26,29
189565,0,22,30
189583,0,17,23
189592,NA,30,31
189705,68,69,77
189811,NA,67,48
189839,NA,26,31
189848,57,48,62
190008,NA,100,67
190044,61,77,81
190053,NA,27,28
190099,88,90,91
190114,17,20,22
190150,86,95,96
190169,NA,29,43
190248,37,38,51
190372,69,92,91
190415,87,93,96
190442,NA,33,32
190451,NA,100,57
190503,NA,65,75
190512,44,63,79
190521,NA,19,29
190530,NA,18,23
190549,27,46,60
190558,21,26,37
190567,22,51,61
190585,NA,18,26
190594,25,49,62
190600,30,48,55
190619,NA,28,40
190628,NA,25,31
190637,24,47,57
190646,7,9,16
190655,6,15,22
190664,27,48,64
190673,NA,23,34
190691,9,28,39
190707,NA,100,100
190716,26,64,62
190725,45,65,60
190761,35,37,56
190840,NA,29,35
190974,NA,0,0
190983,62,54,73
191083,NA,24,25
191126,NA,68,82
191199,NA,31,34
191205,36,47,46
191241,78,82,84
191302,NA,25,39
191339,NA,30,33
191515,89,93,94
191533,59,57,71
191612,NA,22,38
191621,48,57,46
191630,73,76,78
191649,55,60,68
191676,66,71,77
191719,NA,32,31
191728,NA,85,80
191931,59,59,69
191959,NA,90,100
191968,70,69,79
191986,NA,31,39
192004,NA,52,71
192022,NA,27,34
192040,70,100,83
192110,93,95,98
192192,47,52,57
192271,40,39,55
192323,65,69,78
192448,27,44,48
192509,NA,18,26
192688,NA,40,38
192703,56,71,71
192712,85,81,92
192749,54,63,59
192785,NA,20,17
192819,77,82,86
192864,44,47,55
192925,31,34,40
193016,28,43,44
193201,NA,9,29
193283,NA,32,39
193292,48,68,77
193308,62,54,65
193326,NA,23,26
193353,49,58,64
193399,31,45,52
193478,NA,20,28
193584,61,72,71
193609,NA,100,100
193654,57,61,73
193858,NA,76,76
193900,76,83,86
193946,NA,28,31
193973,66,69,75
194028,NA,30,38
194091,32,49,63
194116,78,100,75
194161,25,29,42
194222,NA,19,20
194240,NA,21,25
194310,44,55,58
194392,39,44,55
194499,NA,64,63
194569,36,40,68
194578,45,68,71
194824,66,82,90
194958,54,53,67
195003,25,62,76
195030,80,87,88
195058,NA,26,32
195128,60,62,73
195164,69,70,79
195173,33,49,65
195216,79,83,85
195234,46,60,62
195243,48,56,60
195304,68,74,80
195322,NA,22,22
195474,75,77,82
195526,85,84,91
195544,55,61,62
195562,63,70,73
195720,67,75,76
195784,NA,44,57
195809,43,58,67
195988,NA,22,37
196006,53,62,56
196015,44,45,48
196024,21,48,47
196033,39,40,47
196042,35,49,56
196051,42,31,40
196060,56,58,68
196079,72,78,86
196088,59,72,80
196097,59,72,83
196103,64,74,78
196112,45,55,67
196121,47,58,69
196130,28,37,54
196149,55,66,74
196158,49,61,66
196167,72,75,83
196176,62,74,78
196185,66,74,77
196194,52,65,68
196200,45,55,64
196219,53,55,65
196237,33,46,50
196246,51,64,71
196264,14,28,23
196291,41,74,82
196389,NA,24,37
196413,72,80,85
196565,NA,22,29
196592,48,61,61
196653,NA,21,33
196699,NA,27,25
196866,78,79,86
197027,75,78,92
197036,80,84,87
197045,37,49,59
197133,86,91,92
197142,14,34,41
197151,58,64,73
197197,70,63,77
197221,77,86,50
197230,54,53,57
197285,51,51,44
197294,NA,14,21
197531,NA,78,78
197708,71,79,85
197814,NA,38,34
197850,NA,19,33
197869,53,68,77
197887,NA,34,30
197911,45,57,54
197966,NA,25,37
197984,36,36,54
198011,NA,16,11
198039,NA,36,35
198066,34,33,53
198084,NA,57,50
198109,NA,20,60
198118,NA,21,32
198136,38,49,59
198154,NA,24,25
198206,NA,35,41
198215,41,44,57
198233,NA,34,40
198251,NA,43,36
198260,NA,18,23
198303,12,23,32
198321,NA,42,37
198330,NA,28,37
198367,NA,32,25
198376,NA,41,32
198385,87,90,92
198419,88,95,95
198455,NA,18,25
198464,41,61,70
198491,NA,49,40
198507,18,27,49
198516,82,84,86
198534,NA,19,16
198543,16,31,36
198552,NA,21,20
198561,49,58,55
198570,NA,31,30
198598,26,22,46
198613,48,50,64
198622,NA,21,23
198640,NA,40,17
198668,NA,40,42
198677,17,25,0
198695,61,63,67
198710,NA,30,38
198729,NA,21,22
198756,35,35,59
198774,NA,40,23
198808,40,43,50
198817,NA,28,31
198835,41,44,60
198862,14,18,31
198871,NA,19,31
198899,21,25,37
198905,NA,18,32
198914,NA,50,48
198923,NA,24,30
198969,28,41,54
198978,27,26,23
198987,NA,31,23
199023,NA,55,56
199032,24,32,36
199069,37,55,54
199087,NA,24,13
199102,25,45,56
199111,39,52,64
199120,84,88,92
199139,37,60,68
199148,38,55,60
199157,25,43,52
199184,72,80,69
199193,57,78,87
199209,36,36,49
199218,56,68,74
199263,NA,86,36
199272,31,39,45
199281,24,34,46
199306,37,36,52
199324,NA,37,27
199333,NA,29,26
199412,51,56,61
199421,NA,40,52
199449,NA,43,36
199458,15,15,40
199467,NA,27,7
199476,NA,34,12
199485,NA,27,28
199494,NA,28,23
199582,13,12,22
199625,NA,58,70
199634,NA,27,34
199643,8,11,23
199698,34,28,52
199722,NA,49,35
199731,NA,54,46
199740,NA,46,41
199759,34,60,59
199768,NA,31,31
199786,NA,29,30
199795,NA,27,19
199838,NA,34,38
199847,84,87,89
199856,NA,24,27
199865,36,39,45
199892,NA,49,41
199908,NA,45,41
199926,NA,36,39
199953,NA,23,19
199962,41,49,51
199999,27,44,54
200004,43,61,63
200013,60,44,35
200022,NA,54,49
200059,17,33,50
200086,NA,6,0
200156,31,41,49
200192,NA,46,52
200208,NA,25,18
200217,50,50,66
200226,17,28,43
200253,24,33,53
200280,32,56,67
200305,NA,48,41
200314,NA,24,45
200332,35,60,61
200341,NA,34,36
200466,NA,8,19
200484,42,40,69
200527,17,33,24
200554,NA,16,14
200572,31,47,54
200590,NA,100,0
200785,NA,20,19
200800,25,43,49
200846,NA,7,9
200873,13,50,50
201061,44,33,58
201104,54,55,71
201177,NA,100,100
201195,51,60,70
201283,NA,27,33
201371,45,48,65
201432,NA,11,18
201441,42,56,64
201469,0,23,17
201548,54,56,67
201645,68,82,87
201654,62,74,76
201672,NA,37,24
201690,15,24,32
201751,NA,38,22
201821,NA,0,54
201885,35,70,73
201928,NA,17,17
201946,NA,20,20
201955,NA,12,16
201964,35,29,34
201973,NA,10,19
201982,NA,100,81
202046,51,63,57
202073,74,75,92
202134,27,46,47
202161,NA,74,77
202170,60,54,71
202222,NA,24,30
202356,NA,21,21
202435,NA,0,20
202453,NA,75,50
202480,65,78,86
202514,30,33,38
202523,78,81,84
202648,NA,36,38
202763,55,63,66
202806,22,27,30
202903,17,31,68
202912,NA,100,50
203085,44,39,63
203128,45,49,60
203155,NA,26,27
203289,NA,60,33
203331,NA,12,24
203368,68,71,82
203386,NA,67,38
203438,NA,67,81
203447,3,23,31
203456,5,20,20
203465,12,26,32
203474,3,15,17
203483,9,24,32
203492,12,20,27
203517,51,54,66
203526,4,20,26
203535,87,89,92
203544,37,50,44
203580,37,45,49
203599,NA,12,14
203614,NA,50,69
203678,NA,29,24
203720,NA,50,66
203739,NA,80,61
203748,NA,17,21
203757,22,34,36
203775,45,45,61
203845,52,51,71
203881,NA,20,27
203960,31,80,48
204006,3,9,13
204015,6,13,23
204024,71,77,85
204176,66,43,77
204185,58,57,75
204194,57,70,67
204200,33,37,54
204255,NA,58,48
204264,39,42,63
204422,NA,10,14
204440,NA,36,27
204468,22,32,45
204486,25,63,48
204501,76,84,88
204608,NA,75,82
204617,39,46,48
204635,59,71,82
204662,NA,55,51
204671,7,7,22
204680,4,13,23
204699,3,6,19
204705,2,15,22
204714,NA,0,53
204723,NA,84,69
204769,NA,0,66
204778,NA,0,40
204796,62,83,89
204802,23,45,42
204820,10,19,21
204839,9,16,24
204848,16,33,34
204857,45,61,69
204866,23,25,36
204884,NA,50,64
204893,NA,0,22
204909,59,61,68
204936,57,60,69
204945,NA,29,16
205054,NA,67,60
205142,NA,100,94
205179,NA,46,43
205203,17,33,32
205391,NA,63,69
205443,10,33,36
205470,NA,18,24
205559,NA,25,12
205841,NA,27,14
205887,NA,100,45
205957,68,68,82
205966,NA,28,23
206011,NA,36,18
206048,34,35,44
206084,28,49,52
206279,42,25,75
206349,35,67,53
206394,NA,50,38
206437,43,54,74
206446,NA,26,37
206491,9,10,28
206507,50,44,64
206525,58,55,69
206589,75,74,80
206604,25,42,47
206613,21,32,45
206622,67,71,75
206695,19,37,45
206817,7,13,22
206835,27,33,46
206862,54,47,64
206914,10,22,20
206923,NA,32,45
206932,NA,0,0
206941,14,30,40
206996,NA,22,24
207041,22,27,45
207050,NA,24,27
207069,NA,18,23
207157,35,54,44
207209,17,11,23
207236,NA,27,23
207254,NA,89,97
207263,15,28,37
207281,NA,30,40
207290,NA,21,32
207306,17,27,35
207324,41,50,61
207351,32,19,40
207388,41,62,67
207397,NA,10,13
207403,48,47,60
207449,NA,10,12
207458,52,57,69
207500,44,66,75
207564,NA,43,20
207582,46,53,58
207661,20,19,24
207670,NA,15,17
207722,28,29,42
207740,NA,35,31
207847,16,34,36
207856,12,28,21
207865,17,32,37
207935,NA,16,24
207962,NA,63,73
207971,49,69,77
208035,NA,27,36
208187,NA,67,83
208275,NA,21,19
208318,NA,19,29
208390,NA,17,16
208406,NA,15,13
208415,NA,14,7
208433,NA,67,64
208479,NA,74,79
208488,30,30,48
208512,NA,100,83
208646,17,20,34
208725,45,64,37
208822,57,60,75
208859,NA,40,82
209038,NA,15,21
209056,70,71,80
209065,63,71,76
209074,NA,19,21
209083,NA,33,49
209153,NA,67,87
209205,NA,50,52
209250,NA,17,28
209287,51,52,57
209409,45,60,51
209506,22,44,49
209542,35,63,71
209551,56,72,77
209603,23,31,48
209612,61,63,73
209667,NA,100,70
209676,NA,75,91
209694,NA,50,50
209700,NA,100,55
209719,NA,50,65
209746,NA,22,22
209807,22,46,50
209825,72,79,83
209922,64,71,80
209940,NA,9,10
210076,25,60,71
210146,25,45,46
210155,NA,36,38
210234,NA,32,26
210270,NA,24,35
210304,36,38,52
210331,61,63,68
210340,NA,100,58
210401,61,63,75
210429,24,29,49
210492,56,57,59
210571,49,51,62
210599,NA,46,50
210605,NA,18,18
210669,66,72,76
210739,0,66,72
210775,43,53,67
211006,NA,60,44
211024,73,89,88
211079,NA,27,29
211088,61,58,69
211149,NA,65,73
211158,40,54,64
211291,86,89,91
211307,NA,18,24
211343,NA,26,31
211352,49,45,61
211361,36,46,54
211431,45,64,57
211440,76,88,93
211468,40,0,51
211477,35,41,33
211583,47,51,60
211608,12,22,31
211644,39,46,56
211802,NA,80,94
211893,30,79,60
211927,NA,20,20
211981,54,55,63
212009,80,79,86
212045,NA,86,84
212054,26,67,72
212106,71,77,83
212115,37,46,58
212133,54,50,63
212160,33,36,49
212197,65,67,71
212434,NA,87,75
212452,0,0,0
212577,78,85,85
212601,51,66,69
212656,62,69,75
212674,77,76,85
212805,82,82,88
212832,49,53,63
212869,NA,28,47
212878,NA,17,13
212911,83,86,92
212975,NA,88,96
212984,40,41,65
212993,NA,75,67
213011,56,61,71
213020,40,49,61
213181,NA,80,86
213233,NA,57,50
213251,77,74,81
213303,35,45,48
213321,55,61,67
213349,38,48,58
213358,38,48,59
213367,57,61,69
213376,NA,31,34
213385,84,85,91
213400,51,47,72
213473,NA,100,67
213507,73,72,82
213525,NA,15,20
213534,NA,45,29
213543,80,90,90
213570,NA,57,65
213589,NA,44,13
213598,31,33,57
213613,40,52,56
213659,NA,19,17
213668,57,62,71
213774,NA,29,34
213783,39,51,51
213826,52,56,74
213914,NA,83,68
213987,59,67,70
213996,75,80,79
214023,NA,100,100
214041,37,53,59
214069,61,55,76
214111,NA,22,27
214157,66,67,71
214166,40,44,49
214175,80,81,86
214272,36,43,57
214290,NA,71,67
214379,NA,21,24
214528,NA,77,50
214582,NA,60,78
214591,53,69,73
214625,53,69,73
214634,53,69,73
214643,53,69,73
214652,53,69,73
214670,53,69,73
214689,53,69,73
214698,53,69,73
214704,53,69,73
214713,53,69,73
214731,53,69,73
214740,53,69,73
214759,53,69,73
214768,53,69,73
214777,53,69,73
214786,53,69,73
214795,53,69,73
214801,53,69,73
214810,53,69,73
214829,53,69,73
214883,0,25,50
214892,NA,73,43
214944,NA,76,74
214971,62,69,61
215053,44,53,39
215062,86,94,97
215105,55,56,65
215114,28,49,68
215132,69,74,80
215239,NA,14,16
215266,34,41,39
215275,25,26,41
215284,40,57,57
215293,65,79,86
215309,NA,12,36
215381,NA,66,80
215390,NA,91,93
215415,NA,56,58
215442,53,59,60
215585,NA,20,22
215594,NA,0,71
215637,11,69,65
215655,52,65,64
215682,NA,78,86
215691,41,44,52
215743,63,69,76
215770,75,79,83
215798,66,62,76
215929,79,80,86
215947,52,56,71
215974,NA,0,0
215992,NA,85,68
216010,40,55,62
216038,54,67,68
216083,NA,61,61
216278,68,64,78
216287,86,94,94
216296,NA,61,62
216339,52,71,76
216357,42,45,62
216366,56,64,73
216418,NA,44,50
216427,NA,86,100
216436,NA,81,100
216445,NA,81,80
216454,NA,74,100
216524,77,77,86
216542,31,38,51
216551,NA,30,48
216597,87,89,90
216667,67,74,77
216694,60,65,67
216764,54,68,82
216782,NA,75,38
216807,60,68,71
216825,NA,22,16
216852,55,61,69
216931,52,61,66
217013,53,50,65
217059,45,61,66
217077,NA,62,65
217156,83,94,97
217165,77,81,81
217235,55,58,69
217305,NA,51,50
217402,84,85,89
217420,22,45,51
217475,NA,19,22
217484,52,66,71
217493,72,83,92
217518,60,64,70
217536,73,76,79
217606,35,54,56
217615,NA,31,13
217624,13,15,27
217633,63,56,72
217688,28,34,46
217712,NA,15,14
217721,14,17,34
217749,54,63,68
217776,45,51,57
217819,57,61,68
217837,NA,17,21
217864,66,74,80
217873,39,48,53
217882,60,80,88
217891,13,67,86
217907,34,37,41
217925,46,47,58
217989,NA,19,22
217998,40,33,57
218025,NA,22,6
218043,NA,33,50
218061,20,40,46
218070,77,79,86
218113,NA,11,11
218140,NA,19,23
218229,27,37,48
218238,26,26,52
218353,NA,13,11
218399,4,25,26
218414,31,52,55
218441,46,56,62
218487,NA,35,7
218520,NA,23,18
218539,62,68,74
218645,21,28,45
218654,20,32,31
218663,64,72,80
218672,NA,15,25
218681,NA,27,22
218690,NA,24,37
218706,NA,26,25
218724,33,43,50
218733,14,29,42
218742,27,42,52
218821,NA,35,45
218830,NA,26,16
218858,NA,14,15
218885,NA,30,29
218894,NA,20,18
218919,33,39,43
218955,NA,0,13
218964,44,57,66
218973,82,86,84
218991,NA,26,20
219000,69,67,74
219046,19,33,41
219082,29,43,43
219091,46,44,66
219125,NA,50,73
219143,NA,76,66
219189,NA,76,61
219198,47,56,56
219204,9,0,22
219213,0,0,0
219259,31,41,55
219277,1,2,5
219295,21,19,50
219347,16,47,56
219356,36,54,59
219374,17,9,6
219383,47,58,67
219408,NA,8,7
219426,NA,58,61
219471,42,56,62
219480,NA,51,51
219505,0,40,25
219596,NA,81,79
219602,23,37,48
219639,34,55,56
219709,60,67,74
219718,20,29,35
219790,38,38,51
219806,49,54,59
219824,NA,18,21
219833,36,63,58
219879,NA,30,31
219888,NA,26,31
219903,NA,60,64
219921,NA,62,92
219949,32,35,56
219976,57,63,71
219994,NA,65,69
220002,50,57,43
220057,NA,19,26
220075,30,42,55
220118,NA,75,84
220127,NA,83,61
220181,38,50,50
220206,37,57,50
220215,50,59,57
220251,NA,94,58
220279,NA,59,75
220321,NA,89,93
220394,NA,74,73
220400,NA,19,21
220464,NA,40,44
220473,50,59,67
220516,48,55,62
220552,24,33,34
220598,12,15,31
220604,5,7,20
220613,41,52,64
220631,45,58,54
220640,NA,81,76
220701,26,34,37
220710,41,41,60
220756,NA,78,59
220808,35,45,58
220853,NA,89,100
220862,28,50,56
220978,25,40,52
221050,NA,97,75
221096,NA,31,38
221102,NA,78,80
221148,NA,59,35
221184,NA,17,20
221236,NA,80,81
221281,NA,82,80
221333,NA,81,72
221351,73,77,82
221388,NA,74,71
221397,NA,32,34
221430,NA,50,22
221485,NA,12,14
221494,NA,74,76
221519,72,72,86
221582,NA,80,71
221591,NA,76,62
221607,NA,88,84
221616,NA,83,82
221625,NA,68,70
221634,NA,62,62
221643,NA,24,29
221661,27,50,59
221731,33,34,47
221740,28,44,52
221759,52,69,76
221768,26,45,49
221838,13,27,35
221847,31,50,61
221892,49,49,63
221908,NA,32,32
221953,31,33,50
221971,61,64,71
221999,88,91,95
222053,NA,21,24
222062,NA,29,31
222105,NA,44,100
222178,47,56,65
222567,NA,23,30
222576,NA,36,29
222822,NA,22,28
222831,28,37,42
222877,10,8,43
222886,NA,74,72
222938,16,20,36
222983,68,67,78
222992,NA,8,11
223232,63,75,80
223320,NA,20,29
223427,NA,6,9
223463,67,63,68
223472,NA,73,69
223506,NA,29,28
223524,NA,16,20
223773,NA,25,21
223816,NA,17,14
223898,NA,17,21
223922,NA,41,40
224004,38,45,52
224110,NA,18,19
224147,19,33,41
224226,43,53,61
224244,2,9,10
224271,NA,73,78
224323,68,65,77
224350,NA,15,17
224527,37,37,50
224545,26,26,40
224554,25,33,52
224572,NA,25,21
224615,NA,21,18
224642,NA,18,25
224660,NA,52,74
224679,NA,58,79
224776,14,16,21
224891,NA,15,41
224961,NA,35,27
225070,NA,17,19
225201,39,48,58
225247,38,42,60
225308,NA,26,25
225371,NA,23,26
225399,30,40,47
225423,NA,16,20
225432,8,22,34
225502,8,21,18
225511,32,56,66
225520,NA,16,30
225548,23,28,46
225575,14,20,34
225627,26,49,53
225876,NA,29,41
225885,5,4,20
225991,NA,75,62
226019,NA,19,32
226091,15,32,35
226107,NA,15,26
226116,NA,23,38
226134,NA,15,21
226152,25,40,53
226204,NA,38,40
226231,49,60,69
226277,NA,65,57
226383,33,48,51
226408,NA,22,28
226471,34,39,59
226578,NA,20,24
226587,28,17,52
226806,NA,26,28
226833,21,38,51
226879,50,50,66
226903,NA,60,47
226930,NA,14,23
227146,NA,20,25
227182,NA,15,21
227191,NA,16,26
227216,35,48,63
227225,NA,27,45
227304,NA,25,23
227331,29,35,46
227368,22,39,51
227377,NA,16,24
227386,NA,32,33
227401,NA,38,30
227429,9,11,28
227526,11,32,39
227687,NA,21,38
227748,NA,70,50
227757,84,90,95
227766,NA,16,25
227845,50,56,69
227854,NA,32,29
227863,37,61,71
227881,32,50,57
227924,NA,21,30
227979,NA,28,35
228042,38,43,47
228149,48,54,64
228158,NA,24,21
228246,72,78,84
228316,NA,30,35
228325,34,34,56
228343,63,64,74
228431,32,44,56
228459,29,47,59
228468,32,36,43
228486,NA,19,33
228501,13,20,31
228529,30,46,52
228547,NA,18,22
228608,NA,13,12
228699,NA,54,43
228705,21,38,41
228723,55,78,86
228769,26,49,54
228778,66,82,88
228787,52,66,76
228796,13,32,42
228802,25,32,49
228875,71,78,85
228884,6,9,20
228981,38,44,69
229018,26,32,47
229027,22,39,45
229063,10,18,26
229115,36,57,65
229160,18,24,37
229179,22,38,43
229267,66,73,80
229355,NA,17,21
229416,NA,62,43
229504,NA,23,21
229540,NA,36,23
229780,7,22,27
229799,NA,16,27
229814,28,38,51
229832,NA,41,36
229841,NA,19,18
229887,22,30,42
230010,NA,31,51
230038,22,67,81
230047,31,63,66
230056,0,20,13
230171,11,26,44
230199,NA,0,100
230366,40,54,71
230418,NA,19,32
230597,60,30,48
230603,27,41,55
230621,22,27,25
230630,41,43,45
230728,28,44,59
230737,13,25,38
230746,NA,23,30
230764,33,69,70
230782,12,27,39
230807,44,57,59
230816,66,85,73
230834,42,51,60
230852,57,65,64
230861,NA,12,19
230889,50,100,0
230913,31,36,45
230940,26,50,40
230959,85,92,94
230977,44,64,85
230995,50,58,68
231059,77,81,84
231095,75,71,78
231165,20,52,61
231174,65,73,79
231411,NA,73,85
231420,36,32,58
231536,NA,33,28
231554,29,19,56
231581,53,56,62
231624,85,86,93
231651,43,53,60
231697,NA,36,39
231712,68,76,80
231785,NA,8,16
231837,33,40,57
231873,NA,36,42
231882,NA,33,28
232016,NA,50,33
232025,48,39,72
232043,44,58,57
232052,NA,31,18
232089,20,23,39
232186,50,65,75
232195,NA,32,41
232265,41,50,64
232414,NA,26,21
232423,69,80,87
232450,NA,24,32
232557,32,47,48
232566,50,55,71
232575,NA,33,43
232609,51,54,61
232681,55,58,68
232706,47,49,64
232788,NA,40,35
232797,NA,6,33
232867,NA,35,32
232937,20,30,40
232946,NA,24,30
232982,29,48,57
233019,NA,32,43
233037,NA,29,34
233116,NA,37,53
233277,40,48,61
233295,65,64,72
233301,44,44,55
233310,NA,30,36
233329,NA,60,37
233338,NA,26,31
233374,84,87,91
233426,63,69,70
233541,47,50,67
233602,59,57,67
233611,18,17,40
233639,NA,43,42
233648,NA,37,36
233684,45,63,0
233754,NA,24,29
233772,NA,20,27
233897,24,40,47
233903,NA,35,36
233921,65,84,88
233949,NA,32,33
234030,45,61,72
234076,89,93,96
234085,67,80,76
234137,0,4,7
234155,24,34,41
234164,15,20,35
234173,43,45,50
234207,92,94,95
234377,NA,51,48
234669,NA,23,31
234696,NA,35,25
234711,NA,34,46
234827,35,54,60
234845,NA,39,40
234933,NA,26,34
234951,NA,37,33
234979,NA,27,29
235024,51,48,57
235097,27,53,54
235103,NA,27,30
235149,NA,33,38
235167,37,42,56
235237,NA,22,32
235316,75,84,85
235334,NA,26,28
235343,NA,37,39
235422,14,47,38
235431,NA,28,37
235671,NA,39,61
235699,NA,23,33
235750,NA,28,48
236018,NA,100,89
236072,NA,20,33
236133,51,53,60
236188,NA,23,25
236212,NA,83,87
236230,59,65,71
236258,NA,40,52
236328,65,70,81
236382,NA,59,69
236452,58,63,70
236504,NA,28,40
236513,NA,32,34
236577,53,60,71
236595,61,67,78
236610,NA,30,38
236638,NA,29,26
236656,NA,33,46
236692,NA,31,20
236708,NA,21,27
236753,NA,23,29
236887,NA,39,41
236896,29,56,65
236939,37,56,64
236948,66,81,87
236975,NA,34,35
237011,37,64,71
237039,NA,31,41
237057,80,90,90
237066,63,73,77
237109,NA,24,32
237118,29,34,46
237136,49,63,67
237181,35,33,65
237215,18,32,30
237303,NA,71,53
237312,27,33,42
237321,NA,40,29
237330,24,36,42
237358,31,37,44
237367,26,40,42
237385,26,34,47
237437,NA,4,31
237525,27,46,51
237543,NA,80,83
237552,NA,100,68
237570,NA,50,68
237598,NA,100,83
237640,19,29,50
237686,0,23,20
237701,NA,19,25
237783,13,15,26
237792,31,40,55
237817,NA,21,23
237844,NA,100,100
237899,15,29,33
237905,NA,75,100
237932,30,49,42
237950,12,21,22
237969,41,51,57
237987,NA,50,72
237996,NA,39,64
238005,NA,78,95
238014,NA,15,23
238032,39,58,64
238078,45,49,61
238175,NA,0,85
238263,NA,23,19
238324,81,100,86
238333,68,67,81
238397,NA,44,40
238430,30,47,52
238458,56,67,67
238476,59,59,73
238616,48,61,67
238661,41,50,70
238722,NA,58,47
238759,NA,26,34
238810,NA,50,95
238980,43,43,54
239008,NA,43,49
239017,62,77,80
239071,37,51,59
239080,43,51,58
239105,64,80,83
239220,NA,23,30
239248,NA,20,11
239309,51,56,60
239318,46,62,75
239372,NA,60,52
239442,NA,39,53
239460,NA,30,30
239488,NA,48,32
239512,47,47,61
239628,58,65,69
239716,70,72,74
239743,28,36,41
239910,NA,67,55
240107,41,45,57
240116,NA,49,40
240125,NA,48,38
240170,NA,52,42
240189,36,59,66
240198,NA,49,41
240268,40,65,68
240277,33,55,52
240329,40,67,71
240338,45,49,67
240365,24,60,62
240374,18,45,44
240392,13,31,27
240417,29,57,63
240426,27,45,51
240444,62,85,90
240453,19,42,46
240462,21,54,60
240471,37,52,61
240480,34,56,64
240505,NA,35,41
240514,NA,30,45
240596,NA,42,34
240620,NA,30,27
240657,NA,40,46
240666,NA,50,45
240693,NA,29,41
240718,NA,72,68
240727,31,56,63
240736,NA,27,41
240745,NA,18,23
240754,12,32,41
240790,4,15,24
240985,NA,23,3
241100,3,22,49
241128,3,19,27
241182,NA,61,46
241191,17,38,44
241216,32,42,54
241225,2,23,26
241304,0,39,55
241377,2,24,30
241386,0,36,34
241395,1,29,41
241410,8,38,50
241517,57,74,69
241614,0,29,33
241720,7,29,33
241739,3,23,35
241766,13,55,69
241836,27,33,27
241951,1,38,39
242042,NA,86,86
242112,NA,58,44
242121,29,58,48
242130,NA,47,45
242149,NA,44,43
242422,NA,78,81
242556,NA,33,47
242565,NA,94,96
242583,NA,34,34
242617,12,39,47
242626,11,27,39
242635,11,26,42
242644,30,38,51
242653,21,29,40
242662,11,37,50
242680,9,19,36
242699,14,30,42
242705,8,23,40
242820,NA,65,65
242972,4,25,32
243106,6,40,49
243115,9,40,57
243133,10,44,58
243142,22,35,46
243151,6,45,56
243179,14,43,64
243188,10,12,25
243197,5,40,60
243212,14,32,53
243221,10,46,61
243346,2,29,38
243443,6,30,46
243568,29,100,73
243577,11,12,22
243586,0,29,40
243601,4,29,37
243638,NA,29,24
243647,NA,34,39
243665,11,27,34
243744,73,94,95
243780,58,80,85
243823,NA,59,77
243832,26,31,41
243841,NA,68,35
244233,NA,0,42
244279,NA,63,61
244437,NA,14,22
244446,NA,57,42
245625,NA,47,40
245652,54,68,56
245883,0,0,0
245953,19,37,30
245962,NA,35,51
246354,NA,24,34
246789,0,0,0
246813,NA,54,34
247047,NA,100,87
247065,0,31,28
247603,NA,29,42
247649,0,40,48
247834,NA,11,16
247940,NA,35,37
248192,NA,100,100
248606,NA,95,96
248925,NA,64,71
248934,33,45,50
249609,NA,74,77
250027,NA,86,76
251260,NA,17,26
251312,12,40,13
260372,NA,9,7
260691,NA,61,70
260789,NA,75,73
260992,NA,23,8
261861,NA,100,85
262031,NA,22,28
262086,NA,67,50
262129,54,64,63
262165,0,33,0
363147,NA,100,96
363165,NA,61,71
363439,40,20,74
363633,NA,17,23
363907,0,56,33
363916,0,13,60
363934,32,41,62
364016,NA,20,28
364025,NA,20,26
364548,NA,79,76
365204,NA,50,51
365213,NA,69,71
365480,NA,80,43
365693,NA,50,78
366003,18,60,43
366191,NA,66,69
366252,39,50,34
366261,NA,50,41
366270,NA,50,49
366289,NA,76,31
366340,NA,5,14
366395,NA,23,26
366401,NA,42,47
366465,NA,58,49
366535,NA,57,55
366553,8,37,22
366711,15,48,57
367103,NA,40,13
367112,NA,9,23
367361,NA,17,29
367459,NA,17,30
367875,NA,78,68
367884,4,21,30
368364,NA,75,70
368443,50,40,50
368452,40,58,68
368629,NA,45,71
368780,NA,100,100
368911,NA,53,25
369400,NA,59,65
369419,NA,78,71
369516,0,37,37
369668,NA,86,86
371690,NA,84,99
371928,NA,89,88
371964,NA,83,75
372073,NA,60,47
372329,NA,62,61
372921,NA,46,60
372958,61,62,61
373085,NA,29,53
375407,NA,82,82
375416,NA,52,40
375683,NA,51,39
375939,NA,71,51
376224,50,60,59
376321,NA,44,56
376385,50,64,65
376695,NA,12,3
377111,NA,61,59
377342,48,36,32
377449,NA,100,53
377458,NA,50,73
377546,33,30,61
377555,45,68,70
377564,41,60,52
377661,NA,67,72
377722,NA,80,80
378105,NA,100,94
378576,NA,0,46
378956,NA,70,86
379782,NA,100,63
380359,NA,26,24
380368,NA,19,47
380377,5,18,20
380438,33,25,70
380465,0,0,14
382911,NA,15,15
382957,NA,47,48
383084,NA,93,90
383190,NA,32,23
383330,NA,100,60
383996,NA,9,16
384254,45,69,67
384333,NA,15,23
384342,NA,30,39
384412,42,60,86
385503,NA,50,54
385619,48,53,52
386472,0,0,11
388520,0,43,14
388663,NA,83,76
392257,50,57,47
392415,NA,71,65
392840,17,41,42
395362,NA,23,24
399212,NA,37,39
399869,43,78,77
399911,88,93,87
402776,14,31,0
403469,NA,56,77
403478,NA,52,67
403487,NA,57,47
404055,NA,49,57
404338,38,30,45
404426,NA,9,22
404806,NA,11,41
404912,NA,71,72
404994,NA,23,27
405872,NA,28,34
405997,0,14,11
406024,NA,14,40
406033,NA,44,51
406547,NA,27,37
407009,41,43,51
407832,NA,82,78
408729,NA,27,61
408844,68,56,57
409315,9,23,23
409698,30,61,64
412173,NA,60,75
412599,52,51,49
413617,NA,41,15
413626,NA,9,6
413680,NA,94,100
413778,NA,100,58
413802,NA,79,84
414461,NA,64,53
414595,NA,33,40
414823,39,43,57
414878,0,0,0
414911,NA,24,34
414939,NA,51,48
416458,NA,81,82
417248,NA,98,100
417327,NA,0,20
417734,NA,100,100
417752,11,33,17
418126,NA,44,31
418296,NA,57,97
418533,NA,78,83
418889,NA,67,100
419183,NA,84,86
419226,NA,75,74
419244,NA,62,33
419341,NA,78,56
420024,NA,100,36
420042,5,36,24
420343,NA,67,73
420370,NA,74,74
420398,NA,29,35
420431,NA,58,46
420440,NA,28,26
420468,NA,54,94
420538,NA,46,57
420556,NA,13,25
420574,32,42,54
420723,NA,24,41
421708,NA,67,74
421832,42,58,60
421841,NA,73,74
421878,NA,100,60
422695,NA,43,47
422835,NA,81,84
423652,NA,5,29
425250,NA,63,72
426314,15,27,43
427308,NA,40,75
427973,NA,43,75
427982,NA,67,40
427991,NA,49,80
428055,NA,46,61
428170,NA,72,68
428392,NA,32,28
429128,NA,13,0
430184,0,17,0
430485,NA,71,80
430670,17,0,100
430795,NA,86,90
430935,NA,42,63
431141,NA,66,73
431600,NA,67,48
431929,NA,64,48
432223,0,0,20
432384,NA,62,60
432524,NA,48,63
433004,33,0,50
433013,NA,75,71
433068,NA,24,37
433387,5,24,18
433420,20,20,24
433536,33,0,44
433660,23,43,55
434016,NA,6,18
434061,NA,30,20
434140,NA,61,71
434159,NA,67,72
434432,NA,0,57
434539,NA,63,14
434584,NA,56,8
434672,NA,14,11
434751,NA,0,13
434821,NA,17,46
434830,NA,88,78
434900,9,66,52
436100,NA,100,75
436304,NA,16,6
436429,59,54,58
436614,63,100,75
436818,22,66,61
436827,17,58,66
436836,23,55,72
437097,0,33,100
437103,NA,25,19
437237,NA,90,100
437635,NA,63,64
437732,NA,79,82
437750,NA,69,75
437769,NA,67,38
438151,19,24,30
438179,53,48,56
438221,NA,21,34
438498,11,63,58
438504,NA,59,67
438586,12,20,27
438708,NA,15,36
438869,NA,17,31
439118,NA,75,70
439145,NA,30,35
439190,NA,27,44
439288,38,46,56
439367,NA,75,76
439491,NA,16,52
439507,NA,95,63
439570,NA,69,66
439701,5,8,23
439738,NA,47,52
439792,NA,15,64
439862,13,10,50
439871,NA,71,87
439899,NA,29,23
439969,6,100,91
440059,NA,58,50
440262,NA,62,67
440271,NA,39,25
440396,46,72,72
440402,NA,31,22
440651,29,49,46
440776,NA,33,38
440794,3,5,18
441025,NA,50,20
441052,NA,72,75
441070,NA,0,20
441168,NA,0,71
441229,NA,72,78
441371,NA,32,46
441423,NA,68,79
441487,NA,100,64
441502,NA,21,39
441511,20,95,100
441636,NA,100,45
441645,NA,100,80
441690,0,25,75
441742,NA,57,68
441760,NA,41,19
441788,NA,59,0
441858,NA,94,81
441900,6,29,18
441937,22,52,55
441982,80,97,96
442134,NA,72,69
442161,3,6,14
442356,0,75,62
442383,NA,75,70
442426,NA,77,71
442435,NA,25,41
442523,NA,13,25
442569,18,22,21
442602,NA,45,67
442611,NA,58,38
442639,33,100,100
442781,NA,24,8
442842,NA,100,60
442879,NA,0,36
442888,NA,89,100
442930,48,65,69
443049,40,50,0
443261,NA,100,57
443289,NA,95,100
443331,38,33,43
443340,56,0,63
443377,NA,76,67
443410,41,57,53
443492,NA,25,29
443562,11,62,45
443571,NA,65,44
443650,NA,60,47
443696,NA,0,60
443748,NA,38,68
444051,NA,100,75
444088,48,55,60
444219,NA,32,36
444255,100,0,33
444316,NA,100,98
444325,NA,71,79
444334,NA,0,0
444343,NA,67,49
444361,NA,90,95
444398,24,33,38
444556,NA,84,89
444565,NA,72,75
444714,NA,80,68
444811,NA,0,27
444866,NA,75,76
444954,NA,23,21
445027,12,15,23
445133,26,30,21
445188,45,64,75
445203,NA,46,59
445230,NA,52,53
445249,NA,19,49
445258,NA,45,59
445300,6,0,38
445364,NA,31,38
445461,NA,73,81
445692,52,53,60
445708,40,55,61
445744,NA,46,59
445780,NA,100,86
445799,NA,64,65
445948,NA,67,66
446048,48,52,63
446109,NA,100,100
446118,NA,58,67
446127,NA,50,63
446136,NA,45,60
446163,NA,0,50
446233,15,24,31
446385,NA,32,88
446394,28,41,56
446525,0,50,57
446552,NA,47,48
446561,NA,67,69
446589,NA,75,87
446598,NA,100,100
446640,20,37,26
446677,25,21,41
446774,NA,34,42
447014,NA,64,71
447050,0,0,0
447263,NA,60,44
447379,NA,43,72
447403,NA,58,71
447421,50,50,56
447458,98,52,74
447582,NA,19,16
447591,NA,65,66
447689,4,19,24
447759,NA,40,55
447768,NA,59,70
447777,NA,67,70
447847,NA,60,67
447935,NA,33,50
447953,38,45,29
447999,NA,73,76
448026,NA,100,90
448354,NA,71,68
448433,NA,67,55
448594,NA,28,47
448619,NA,35,58
448673,13,16,18
448752,29,19,37
448761,16,29,23
448770,NA,65,57
448840,30,45,43
448859,NA,79,33
448886,49,56,58
449074,NA,73,76
449083,NA,98,100
449092,NA,85,100
449135,14,64,62
449250,NA,61,65
449339,23,41,40
449445,NA,100,78
449506,NA,91,95
449524,NA,67,80
449612,NA,38,67
449676,NA,67,78
449764,30,41,67
449861,NA,33,73
449870,0,18,0
449898,5,23,16
449968,NA,75,63
450021,NA,67,38
450058,NA,67,46
450067,NA,58,55
450128,NA,48,33
450395,NA,50,77
450571,33,14,40
450720,NA,50,64
450933,11,25,18
450960,NA,40,100
450979,8,11,11
451006,NA,100,100
451103,NA,81,79
451413,NA,75,82
451477,NA,67,59
451556,55,63,69
451671,35,46,48
451741,41,43,52
451750,50,7,10
451820,18,22,28
451857,NA,38,51
451866,NA,44,53
451875,NA,0,0
451927,57,61,68
452009,NA,100,81
452081,NA,83,61
452106,NA,68,0
452124,NA,47,59
452373,NA,0,41
452948,NA,38,44
453163,50,100,0
453792,NA,75,77
454184,41,51,54
454227,46,33,50
454236,8,0,20
454245,40,100,25
454306,NA,13,34
454458,NA,82,75
454537,NA,100,70
454616,NA,66,33
454698,NA,75,91
454786,NA,76,85
454810,NA,72,73
454829,0,0,0
454847,NA,100,89
454865,NA,100,100
454944,NA,100,100
455114,NA,25,19
455196,NA,30,35
455202,NA,82,90
455211,NA,67,91
455336,NA,53,60
455479,NA,52,51
455512,NA,23,26
455628,NA,58,53
455770,41,17,55
455868,NA,42,73
455956,NA,75,74
455983,NA,62,63
456038,NA,71,76
456180,NA,100,52
456205,NA,55,43
456287,NA,100,62
456454,NA,64,53
456506,NA,100,72
456579,NA,53,40
456959,55,50,62
456968,NA,100,73
456977,NA,77,67
457086,NA,100,76
457101,NA,45,56
457110,NA,50,71
457129,50,0,100
457299,67,77,79
457387,NA,83,82
457411,NA,94,50
457484,0,0,60
457536,NA,82,60
457651,NA,50,100
457688,56,18,25
457800,NA,94,99
457925,NA,0,100
458034,NA,100,91
458113,0,0,0
458140,NA,100,100
458168,NA,80,76
458210,72,40,85
458229,40,33,43
458405,NA,63,40
458441,NA,29,26
458496,44,54,43
458575,58,50,75
458681,NA,57,58
458919,25,29,0
458982,20,21,21
459204,NA,63,74
459213,NA,59,55
459259,27,33,32
459268,17,13,29
459277,NA,43,67
459310,NA,100,100
459329,NA,39,63
459417,NA,92,100
459514,NA,38,38
459550,NA,0,81
459842,25,13,42
459851,22,17,51
459958,NA,69,64
460020,NA,61,62
460109,NA,50,67
460136,NA,76,74
460181,NA,69,71
460190,NA,63,65
460206,NA,69,75
460376,0,20,0
460394,NA,22,19
460464,NA,27,27
460543,NA,63,58
460677,NA,47,41
460756,NA,67,84
460783,34,26,33
460817,NA,73,35
460826,NA,47,31
460835,NA,37,13
460862,NA,100,64
460899,34,33,34
461005,NA,35,46
461014,NA,41,27
461023,32,28,41
461032,0,0,33
461111,NA,89,80
461148,60,63,77
461218,NA,73,68
461245,NA,100,68
461254,NA,94,89
461263,NA,0,80
461315,NA,0,0
461528,0,67,29
461573,NA,67,25
461591,NA,50,74
461689,NA,100,81
461759,0,0,0
461795,38,34,68
461810,NA,100,100
461865,NA,60,60
461883,0,67,0
461953,NA,0,44
461999,NA,100,50
462354,58,58,58
463056,24,57,76
465812,9,10,13
466189,0,0,0
468246,NA,67,61
468255,NA,100,60
469416,16,69,73
469629,NA,63,60
469638,NA,77,68
470047,NA,100,80
474863,29,20,50
474890,50,37,44
474906,23,11,29
475015,NA,100,75
475060,NA,17,30
475121,2,3,4
475130,NA,100,36
475477,NA,0,67
475565,NA,34,44
475608,23,27,33
475714,NA,53,69
475741,25,100,0
475750,NA,0,40
475839,NA,0,100
476595,NA,100,84
476629,NA,75,73
476683,NA,50,90
476726,NA,65,70
476823,NA,100,80
476850,NA,77,50
476939,NA,64,73
476948,NA,35,56
477950,NA,50,49
478634,35,38,46
479248,NA,65,63
479956,53,69,73
479965,NA,86,87
480091,100,39,28
480189,NA,39,48
480198,NA,0,50
480204,NA,63,72
480657,50,25,15
480727,NA,100,100
480824,NA,71,60
480833,NA,65,68
480851,NA,82,85
480967,NA,14,45
481058,0,84,78
481137,NA,82,62
481155,NA,76,82
481225,50,100,0
481252,NA,50,86
481465,NA,50,62
481720,12,0,19
481863,NA,75,80
481960,NA,81,67
482149,15,33,44
482158,10,22,24
482185,NA,93,76
482255,NA,67,67
482325,NA,0,0
482413,17,18,26
482422,21,26,59
482431,22,28,28
482440,15,31,0
482459,21,32,36
482468,11,21,17
482477,24,28,28
482486,9,25,33
482538,4,30,25
482547,0,20,0
482556,18,26,18
482565,8,17,13
482574,33,39,30
482608,15,20,9
482617,0,0,0
482635,16,19,11
482653,15,23,0
482680,35,31,43
482699,NA,12,15
482963,NA,45,46
482990,NA,71,70
483018,62,81,76
483045,NA,43,28
483124,2,1,6
483212,NA,23,15
483221,NA,100,100
483586,14,95,93
483814,NA,62,81
483920,NA,97,89
484002,NA,67,71
484066,NA,0,81
484349,NA,33,61
484367,NA,23,36
484376,NA,28,37
484613,0,13,17
484631,1,17,26
484640,0,31,20
484668,6,32,26
484677,0,6,14
484695,0,13,12
484710,0,19,24
484729,0,12,19
484747,0,8,14
484756,1,15,21
484765,0,22,17
484783,0,15,7
484835,20,27,50
484905,18,23,30
484932,NA,49,18
484950,NA,100,52
485111,NA,26,29
485120,NA,100,97
485139,NA,43,36
485263,38,35,41
485458,NA,47,33
485698,40,55,100
485856,NA,0,0
486053,29,82,50
486123,NA,40,17
486257,NA,50,61
486284,7,40,52
486372,NA,71,100
486381,NA,100,82
486424,NA,67,90
486594,NA,25,67
486752,NA,25,62
486813,NA,73,71
486822,NA,58,71
486840,16,41,51
486859,NA,0,91
486901,56,47,75
487092,NA,94,95
487162,NA,42,25
487302,NA,62,60
487311,NA,69,88
487320,NA,38,28
487384,NA,56,53
487393,NA,54,61
487409,NA,49,57
487418,NA,42,41
487427,NA,37,47
487436,NA,43,36
487445,NA,46,54
487454,NA,49,60
487472,NA,50,41
487490,NA,41,35
487524,33,46,65
487588,NA,67,69
487597,NA,65,33
487658,NA,78,80
487861,NA,91,98
487977,NA,100,100
488059,NA,100,91
488077,NA,59,78
488183,NA,100,100
488305,NA,71,80
488448,NA,100,67
488679,NA,36,39
488730,NA,21,23
488785,7,3,15
488846,3,9,10
488934,NA,71,76
488961,NA,40,57
489201,NA,29,47
489283,NA,73,78
489371,NA,88,100
489779,5,23,28
489937,22,40,43
490045,40,50,67
490063,30,40,60
490081,40,67,50
490090,NA,79,60
490124,NA,50,100
490203,NA,20,63
490498,NA,100,100
490559,NA,54,66
490568,NA,17,65
490692,NA,64,0
490805,18,37,38
490975,NA,44,60
491525,0,0,25
491738,NA,50,70
491941,NA,100,93
491950,NA,100,100
492801,0,5,18
492962,8,20,14
493619,NA,23,54
494436,NA,63,46
494597,51,88,80
494603,26,38,19
494685,16,33,23
494843,NA,70,66
494852,NA,87,68
