"UNITID","STUFACR"
100654,20
100663,19
100690,13
100706,19
100724,15
100751,20
100760,18
100812,14
100830,16
100858,20
100937,11
101028,15
101116,6
101143,19
101161,22
101189,13
101240,15
101277,21
101286,16
101295,17
101301,13
101365,15
101435,13
101453,6
101462,12
101471,8
101480,18
101505,18
101514,22
101541,5
101569,17
101587,14
101602,17
101648,15
101675,16
101693,13
101709,13
101736,17
101879,16
101897,18
101912,11
101994,11
102030,19
102049,12
102058,13
102067,19
102076,20
102094,17
102234,13
102270,18
102298,20
102313,15
102368,15
102377,10
102395,9
102429,16
102553,14
102580,6
102614,10
102632,10
102669,7
102711,15
102845,25
103501,15
103741,18
103893,22
103945,8
103954,20
103963,19
104090,16
104151,20
104160,19
104179,15
104188,16
104346,16
104391,18
104425,15
104434,11
104443,13
104568,18
104577,19
104586,17
104708,21
104717,21
105145,15
105154,20
105206,13
105215,31
105297,13
105330,19
105349,16
105367,6
105428,17
105525,19
105534,25
105543,12
105589,9
105659,34
105668,32
105677,6
105747,17
105792,18
105899,15
106041,40
106111,13
106148,19
106245,13
106263,14
106306,24
106315,20
106324,7
106342,10
106351,20
106360,16
106397,18
106412,14
106449,18
106458,18
106467,18
106485,13
106494,16
106546,10
106625,13
106704,16
106713,11
106795,17
106810,13
106883,13
106892,18
106908,16
106980,19
106999,13
107044,15
107071,14
107080,11
107099,19
107123,8
107141,14
107220,5
107293,21
107318,10
107327,15
107442,20
107460,14
107488,6
107512,12
107521,10
107549,14
107558,15
107585,21
107600,14
107619,13
107637,12
107655,22
107664,17
107725,14
107743,18
107789,25
107831,24
107840,14
107877,12
107974,13
107983,16
107992,13
108065,12
108092,17
108232,14
108649,12
108667,32
108807,25
108852,15
108977,25
109040,45
109086,6
109208,27
109350,23
109651,8
109721,23
109730,12
109785,11
109819,28
109907,24
109934,22
110060,10
110097,14
110194,10
110219,31
110246,20
110316,11
110334,22
110361,16
110370,8
110404,3
110413,15
110422,20
110468,10
110486,24
110495,22
110510,29
110529,28
110538,24
110547,26
110556,23
110565,25
110574,26
110583,24
110592,24
110608,27
110617,26
110635,19
110644,20
110653,18
110662,18
110671,22
110680,19
110705,18
110714,25
110778,5
110875,21
110918,2
111045,7
111054,14
111081,7
111188,11
111434,24
111461,25
111513,11
111638,18
111708,29
111717,16
111726,18
111744,15
111762,10
111799,32
111887,27
111896,24
111920,26
111939,25
111948,13
111966,8
112075,16
112084,8
112172,45
112181,15
112190,25
112260,8
112288,16
112367,41
112385,36
112394,12
112455,13
112561,19
112570,12
112686,17
112826,23
113096,28
113111,26
113193,28
113218,23
113236,25
113333,29
113449,13
113537,4
113573,29
113582,9
113634,25
113698,9
113856,36
113980,29
114123,13
114266,30
114354,18
114390,11
114433,20
114460,15
114637,20
114716,27
114761,18
114789,28
114813,11
114859,27
114938,20
114947,10
115001,27
115010,16
115083,12
115126,29
115296,24
115357,15
115393,34
115409,8
115658,15
115728,8
115755,19
115773,12
115861,31
115931,20
116226,11
116350,12
116439,30
116563,18
116712,7
116846,7
117052,23
117104,11
117140,14
117168,12
117195,17
117238,21
117247,30
117274,20
117557,18
117575,8
117627,13
117636,3
117645,27
117672,9
117690,30
117706,29
117715,24
117724,24
117733,28
117751,12
117788,27
117803,3
117867,29
117894,23
117946,10
117955,20
118134,24
118143,10
118161,14
118198,21
118347,17
118541,17
118684,17
118693,17
118718,26
118772,30
118888,10
118912,22
118930,18
118958,15
118976,29
118994,19
119058,1
119067,20
119137,31
119164,24
119173,10
119216,29
119270,4
119331,18
119553,22
119605,16
119775,8
119845,15
119951,30
120069,24
120078,40
120087,17
120166,2
120184,12
120254,9
120290,25
120342,28
120403,9
120421,30
120537,13
120661,25
120698,15
120768,5
120838,5
120865,11
120883,14
120953,29
120971,26
121044,25
121150,13
121257,10
121275,12
121309,14
121345,7
121363,24
121433,20
121619,35
121637,11
121691,12
121707,18
121859,15
121868,15
121886,32
121901,27
121992,30
122117,10
122180,25
122205,26
122296,9
122339,21
122375,24
122384,26
122409,27
122436,14
122454,9
122506,3
122597,22
122612,13
122658,37
122685,20
122728,10
122746,25
122755,25
122791,24
122834,11
122852,12
122889,27
122931,10
122977,29
123013,21
123165,10
123217,28
123280,5
123299,29
123341,24
123350,13
123457,12
123484,16
123493,20
123509,27
123527,26
123554,11
123563,24
123572,22
123642,15
123651,15
123679,15
123800,26
123952,15
123961,9
124113,33
124292,11
124487,9
124681,25
124706,18
124937,20
125028,29
125091,24
125170,28
125231,17
125310,15
125462,29
125471,29
125499,17
125532,21
125727,11
125763,12
125897,9
126076,17
126119,20
126164,14
126182,15
126207,16
126289,23
126359,26
126562,17
126580,15
126605,11
126614,18
126669,13
126678,10
126687,14
126711,11
126748,13
126775,15
126784,11
126818,14
126827,31
126863,26
126872,9
126915,10
126942,21
126951,32
127060,12
127158,11
127185,15
127200,19
127316,13
127389,17
127556,20
127565,18
127617,12
127653,7
127714,5
127732,15
127741,17
127778,16
127820,22
127884,19
127909,21
127918,12
127945,10
127954,15
128106,15
128151,23
128179,22
128188,18
128258,12
128328,7
128337,20
128391,18
128498,14
128577,15
128586,7
128674,22
128744,16
128771,14
128780,14
128896,15
128902,9
129002,10
129020,16
129154,10
129181,18
129215,15
129242,12
129349,15
129367,14
129482,14
129525,9
129534,6
129543,17
129695,19
129729,15
129756,15
129774,13
129808,15
129923,14
129932,20
129941,16
130004,18
130040,15
130110,3
130174,10
130183,21
130217,14
130226,12
130253,13
130314,10
130396,15
130493,13
130509,15
130590,9
130606,16
130624,7
130697,8
130776,12
130794,6
130837,6
130873,12
130907,12
130934,16
130943,15
130989,19
131061,11
131098,10
131113,12
131159,11
131283,10
131399,9
131450,6
131469,13
131496,11
131520,10
131803,69
131830,6
131876,12
132374,17
132408,8
132471,12
132602,14
132657,18
132675,6
132693,17
132709,31
132842,12
132851,21
132879,8
132903,30
132976,15
133021,18
133155,20
133386,20
133465,14
133492,12
133508,30
133526,23
133553,17
133650,15
133669,21
133702,24
133711,16
133809,13
133845,30
133854,27
133863,36
133872,6
133881,14
133942,15
133951,27
133960,12
133979,13
133997,15
134024,4
134079,14
134097,21
134112,50
134130,17
134228,8
134237,27
134291,25
134307,14
134343,19
134495,24
134510,11
134529,15
134574,15
134608,24
134714,10
134811,14
134945,11
135081,14
135142,20
135160,18
135179,16
135188,26
135267,21
135276,20
135294,16
135337,22
135364,17
135391,30
135407,12
135522,6
135559,10
135610,9
135647,15
135717,19
135726,12
135735,18
136109,15
136145,20
136172,19
136215,17
136233,24
136303,6
136330,12
136358,29
136400,27
136473,23
136491,7
136516,27
136659,20
136765,24
136774,12
136826,18
136950,11
137023,15
137032,18
137078,22
137087,7
137096,22
137120,4
137209,27
137245,15
137272,4
137281,20
137315,17
137351,23
137476,12
137546,13
137564,23
137591,9
137713,7
137759,25
137777,4
137801,19
137847,17
137856,13
137865,16
137953,12
137962,9
138187,23
138275,14
138284,10
138293,24
138309,13
138354,21
138372,11
138479,14
138488,40
138497,6
138558,17
138600,10
138655,23
138664,12
138682,15
138716,19
138761,8
138813,19
138822,20
138840,16
138868,17
138901,18
138938,24
138947,19
138956,15
139144,11
139153,6
139199,10
139205,18
139214,8
139250,19
139278,19
139311,19
139357,17
139366,16
139384,21
139393,12
139463,18
139506,15
139579,9
139621,24
139630,15
139658,9
139700,21
139719,23
139746,9
139755,19
139764,16
139861,17
139931,20
139940,26
139959,17
139968,19
139986,17
139995,38
140003,14
140012,20
140234,11
140243,15
140252,13
140331,21
140340,14
140447,13
140553,14
140678,15
140696,15
140720,10
140818,11
140827,7
140872,13
140942,17
140951,20
140960,17
140988,12
141006,17
141015,7
141060,10
141167,10
141185,13
141237,18
141255,14
141264,20
141325,8
141334,18
141361,11
141486,11
141565,13
141574,12
141608,17
141644,17
141680,15
141796,16
141802,10
141811,21
141839,15
141981,18
141990,17
142054,16
142090,11
142115,18
142179,11
142276,13
142285,16
142294,11
142328,12
142407,10
142416,20
142443,13
142461,17
142489,13
142522,19
142559,19
142887,9
142957,2
143048,11
143084,11
143118,19
143181,10
143215,19
143279,19
143288,11
143297,10
143303,4
143358,12
143376,12
143464,13
143473,20
143482,15
143491,15
143543,7
143552,9
143613,14
143978,4
144005,10
144050,5
144157,18
144166,26
144175,19
144184,23
144193,30
144209,25
144218,29
144281,14
144351,12
144485,17
144564,16
144573,8
144740,16
144795,18
144865,21
144883,16
144892,14
144944,20
144962,13
144971,11
145099,20
145239,11
145309,7
145336,12
145354,3
145372,11
145406,16
145424,9
145433,23
145497,6
145521,12
145600,18
145619,14
145637,20
145646,11
145682,17
145691,13
145707,12
145725,12
145813,19
145831,15
146205,21
146278,13
146296,19
146339,13
146348,12
146366,19
146418,17
146427,10
146454,15
146472,17
146481,12
146506,19
146533,8
146603,18
146612,13
146667,15
146676,16
146685,20
146700,24
146719,14
146755,12
146807,9
146816,13
146825,13
147004,21
147013,14
147129,9
147244,10
147341,10
147369,20
147378,20
147396,9
147411,19
147439,10
147536,15
147590,6
147642,7
147660,14
147679,10
147703,15
147767,6
147776,13
147800,15
147819,14
147828,14
147916,15
148007,13
148016,7
148098,5
148131,14
148256,18
148292,15
148335,21
148380,16
148405,10
148487,10
148496,10
148511,5
148575,8
148584,13
148593,6
148627,16
148654,12
148672,15
148821,16
148876,8
148937,19
148955,14
148991,18
149028,7
149204,6
149222,12
149231,17
149310,15
149329,13
149365,13
149499,7
149505,10
149514,11
149532,19
149550,10
149639,6
149727,19
149763,10
149772,13
149781,10
149842,19
150048,9
150066,11
150136,14
150145,11
150163,11
150172,12
150251,18
150303,9
150400,8
150428,8
150455,7
150534,11
150604,11
150668,10
150677,20
150756,12
150765,13
150774,12
150853,13
150941,12
150987,19
151102,15
151111,15
151263,12
151290,11
151306,17
151324,18
151333,15
151342,13
151351,16
151360,14
151379,13
151388,15
151458,21
151467,14
151564,12
151607,10
151652,17
151661,27
151777,15
151786,13
151801,13
151810,22
151962,12
152044,20
152080,9
152099,12
152150,12
152275,15
152309,13
152318,11
152336,11
152381,8
152390,9
152497,7
152530,12
152567,15
152600,10
152628,9
152637,21
152673,10
152798,10
152992,11
153001,7
153074,8
153083,13
153108,13
153126,8
153144,10
153162,12
153214,19
153241,4
153250,14
153269,10
153278,13
153296,17
153302,8
153311,20
153320,13
153339,6
153366,12
153375,12
153384,9
153427,14
153445,17
153463,9
153472,14
153524,17
153533,14
153542,9
153588,8
153597,6
153603,18
153621,10
153630,18
153658,15
153737,19
153746,8
153764,14
153773,7
153782,6
153825,12
153834,11
153861,11
153922,20
153977,7
154004,13
154013,15
154022,14
154059,22
154095,17
154101,10
154110,14
154129,13
154165,4
154174,6
154208,15
154235,11
154262,6
154332,18
154341,5
154350,11
154378,16
154396,15
154448,11
154457,6
154466,12
154493,12
154518,21
154527,11
154545,12
154572,16
154590,13
154642,21
154688,11
154697,18
154712,14
154721,13
154749,9
154800,18
154855,16
154907,13
154925,24
154934,18
154952,16
154998,11
155007,10
155025,17
155052,14
155061,18
155070,12
155089,12
155098,20
155104,16
155140,25
155159,10
155177,9
155186,19
155195,17
155201,18
155210,19
155283,31
155292,14
155308,11
155317,17
155335,11
155353,10
155399,18
155414,11
155423,16
155450,15
155487,16
155496,12
155511,13
155520,13
155566,11
155593,10
155618,12
155627,11
155636,4
155681,16
155715,21
155812,11
155830,10
155858,16
155900,10
155937,11
155973,13
156082,15
156107,14
156125,19
156134,22
156189,21
156213,10
156231,18
156277,14
156286,12
156295,10
156310,7
156338,19
156356,13
156365,14
156392,19
156408,10
156417,10
156426,20
156471,14
156541,20
156620,15
156648,22
156745,11
156754,13
156790,17
156842,17
156851,15
156860,19
156921,22
156967,20
157021,23
157030,11
157058,11
157076,14
157085,16
157100,11
157216,17
157289,14
157304,17
157331,20
157377,17
157386,16
157401,15
157438,17
157447,18
157483,20
157535,15
157553,17
157614,12
157650,20
157669,21
157678,22
157711,18
157739,21
157748,17
157757,7
157793,9
157809,15
157818,11
157863,12
157951,18
158088,25
158246,10
158325,9
158343,10
158431,21
158477,9
158538,20
158617,20
158644,14
158662,18
158778,17
158787,16
158802,13
158884,24
159009,24
159027,11
159197,16
159328,17
159373,3
159382,16
159391,20
159407,22
159416,27
159513,15
159522,15
159531,5
159568,12
159601,6
159647,22
159656,12
159717,20
159939,20
159948,11
159966,20
159993,18
160010,14
160038,20
160065,10
160074,10
160117,22
160126,14
160199,14
160320,15
160409,6
160472,14
160481,20
160524,13
160579,21
160597,20
160612,20
160621,21
160630,21
160649,23
160658,20
160667,26
160755,8
160904,15
160959,10
160977,10
160995,15
161004,9
161022,6
161077,16
161086,9
161138,15
161192,15
161208,5
161217,14
161226,11
161235,15
161244,11
161253,15
161299,11
161341,13
161457,13
161484,12
161493,11
161509,8
161518,10
161527,13
161545,18
161554,13
161563,24
161572,14
161581,8
161688,12
161767,17
161800,20
161855,25
161864,16
161873,12
162007,17
162061,12
162104,12
162122,17
162168,15
162210,8
162283,13
162335,16
162371,15
162557,17
162584,15
162609,15
162654,11
162690,17
162706,18
162760,10
162779,14
162830,15
162928,6
163028,19
163046,12
163204,19
163259,7
163268,17
163286,18
163295,9
163338,11
163347,41
163408,20
163426,17
163453,13
163462,12
163532,18
163541,25
163578,7
163657,17
163754,9
163815,25
163851,15
163912,9
163976,8
164076,16
164155,8
164173,15
164216,10
164270,12
164313,15
164368,14
164447,18
164465,7
164492,12
164535,10
164562,12
164580,14
164599,5
164614,6
164632,12
164641,11
164720,12
164739,11
164748,10
164775,10
164845,16
164872,5
164924,13
164988,10
165015,10
165024,19
165033,16
165060,18
165112,22
165167,11
165194,11
165255,12
165264,9
165334,11
165529,12
165556,29
165574,17
165608,8
165635,32
165644,10
165662,15
165671,13
165699,11
165750,10
165802,14
165820,13
165866,13
165884,10
165936,11
165981,12
166018,13
166027,6
166045,1
166054,8
166124,10
166133,14
166391,13
166407,6
166452,10
166489,4
166498,15
166513,17
166629,17
166638,16
166647,14
166656,15
166674,10
166683,3
166692,15
166717,7
166805,9
166823,17
166850,15
166869,10
166887,18
166911,12
166939,9
166957,9
167039,8
167057,4
167260,16
167288,11
167297,10
167312,13
167358,14
167376,20
167394,11
167455,12
167525,20
167534,15
167598,9
167631,15
167677,5
167729,13
167783,8
167792,6
167835,8
167871,6
167899,11
167905,14
167987,16
167996,11
168005,15
168032,14
168148,9
168218,8
168227,18
168254,13
168263,15
168281,11
168342,6
168421,14
168430,17
168528,13
168546,11
168555,8
168573,25
168591,12
168607,14
168740,10
168786,10
168847,7
168883,16
168892,12
169080,12
169187,6
169248,19
169275,12
169284,17
169327,18
169363,11
169442,10
169479,13
169503,20
169521,16
169576,16
169655,15
169716,11
169734,16
169761,39
169798,14
169813,14
169910,16
169947,12
169974,21
169983,14
169992,12
170000,19
170037,15
170055,19
170082,16
170091,9
170240,21
170286,9
170301,11
170444,19
170532,13
170541,15
170550,11
170587,16
170611,16
170620,15
170639,14
170657,10
170675,11
170736,20
170790,25
170806,13
170967,11
170976,11
171012,36
171100,16
171128,12
171137,16
171146,14
171155,27
171225,13
171234,13
171304,19
171395,17
171456,20
171483,15
171492,9
171535,20
171571,19
171599,17
171775,11
171881,11
171988,12
171997,18
172015,18
172033,8
172051,17
172200,20
172264,12
172291,18
172307,16
172325,10
172334,11
172422,9
172440,10
172495,12
172608,11
172617,18
172635,26
172644,14
172671,13
172680,12
172699,16
172802,7
172866,9
172918,22
172927,8
172954,18
172963,31
173045,12
173063,23
173115,20
173124,20
173142,12
173160,11
173203,18
173258,9
173300,11
173328,18
173416,21
173452,12
173461,20
173470,12
173559,23
173638,20
173647,11
173665,13
173708,20
173735,15
173744,16
173799,22
173805,20
173902,10
173911,17
173920,22
173957,7
173993,20
174020,15
174066,17
174075,16
174127,10
174136,24
174154,12
174190,11
174233,17
174251,11
174321,16
174358,19
174376,24
174428,27
174437,16
174473,18
174491,17
174507,8
174525,8
174570,27
174604,18
174738,22
174747,11
174756,23
174783,20
174792,11
174817,18
174844,12
174862,15
174899,14
174914,14
174978,16
175005,12
175014,17
175041,24
175078,16
175120,20
175157,20
175227,11
175236,20
175263,20
175272,19
175315,24
175342,16
175421,8
175430,16
175494,16
175519,17
175573,20
175607,11
175616,13
175643,19
175652,21
175698,10
175722,15
175786,18
175810,17
175829,19
175856,14
175883,26
175935,17
175980,9
176008,18
176017,16
176035,14
176044,15
176053,14
176062,27
176071,24
176080,17
176169,24
176178,22
176239,19
176318,12
176336,3
176354,23
176372,17
176390,10
176406,9
176433,11
176479,15
176628,12
176664,12
176716,25
176770,11
176789,14
176798,11
176910,11
176947,12
176965,17
176983,3
177038,7
177065,23
177083,4
177117,6
177135,13
177144,14
177214,12
177250,15
177287,23
177302,15
177339,16
177418,10
177436,11
177472,15
177542,9
177551,17
177588,25
177603,10
177676,17
177685,12
177719,10
177746,9
177870,7
177931,3
177940,15
177968,12
177977,14
177986,15
177995,13
178004,9
178059,14
178077,15
178183,7
178208,20
178217,20
178244,19
178341,17
178369,14
178387,16
178396,17
178402,16
178411,18
178420,19
178448,23
178466,5
178527,10
178615,15
178624,21
178679,18
178697,15
178721,15
178767,10
178828,2
178891,11
178989,7
179043,14
179052,6
179159,9
179195,20
179229,7
179256,5
179265,9
179308,19
179326,12
179344,14
179450,11
179511,17
179539,19
179548,9
179557,19
179566,20
179645,19
179715,20
179867,7
179894,12
179946,10
179955,10
179964,9
179991,23
180054,13
180063,7
180081,13
180090,13
180106,12
180151,14
180160,12
180179,14
180197,12
180203,10
180212,10
180249,13
180258,8
180276,15
180328,15
180373,12
180416,13
180461,18
180489,15
180522,13
180595,10
180647,8
180692,15
180771,6
180814,27
180832,18
180878,10
180902,14
180948,17
180957,10
180984,14
181002,11
181020,11
181127,12
181145,6
181190,9
181215,13
181297,13
181303,14
181312,10
181330,14
181376,13
181394,17
181419,5
181428,2
181446,11
181464,17
181491,17
181534,20
181543,4
181604,10
181640,12
181738,9
181765,13
181783,21
181817,13
181853,11
181880,11
181941,13
182005,21
182148,16
182281,20
182290,18
182306,17
182458,9
182500,23
182564,17
182634,12
182652,11
182670,7
182704,11
182722,24
182795,12
182892,13
182917,8
182953,10
182980,15
182999,7
183026,22
183035,6
183044,17
183062,13
183071,10
183080,16
183099,9
183105,7
183114,5
183123,14
183132,13
183141,10
183150,11
183202,12
183211,15
183239,11
183248,8
183257,17
183275,8
183488,11
183600,6
183655,16
183725,18
183743,19
183789,14
183804,19
183822,15
183859,22
183877,22
183910,13
183938,22
183974,12
183983,23
184047,13
184056,14
184092,23
184180,18
184205,21
184278,8
184348,12
184427,15
184481,23
184506,16
184603,14
184612,14
184694,13
184746,12
184773,11
184782,17
184791,29
184816,15
184870,27
184959,11
184968,9
184995,25
185129,14
185174,5
185262,17
185332,18
185396,31
185466,25
185509,17
185536,22
185572,12
185590,17
185679,10
185721,12
185767,24
185828,16
185873,22
185970,15
186016,15
186034,20
186052,18
186131,5
186186,12
186201,16
186274,15
186283,10
186371,15
186380,16
186399,16
186405,5
186423,7
186432,12
186469,17
186584,13
186593,15
186618,11
186645,20
186867,12
186876,17
186900,11
187000,20
187046,15
187134,13
187198,22
187444,14
187505,14
187532,23
187596,12
187620,21
187639,18
187648,17
187666,21
187745,8
187897,13
187903,14
187912,16
187958,27
187967,8
187976,26
187985,17
187994,13
188003,18
188021,15
188030,16
188049,34
188058,12
188100,15
188137,12
188182,17
188216,20
188225,19
188261,14
188289,16
188304,13
188340,14
188429,11
188438,15
188517,11
188526,8
188641,12
188650,18
188669,3
188678,8
188687,22
188696,18
188854,9
188890,18
188915,5
188942,13
189088,9
189097,9
189219,16
189228,22
189255,15
189273,14
189282,7
189404,11
189413,20
189468,14
189477,19
189547,16
189565,12
189583,15
189592,13
189705,11
189714,12
189811,16
189839,24
189848,12
189857,37
189990,30
190008,2
190044,14
190053,16
190071,5
190099,9
190114,10
190150,6
190169,16
190239,17
190248,12
190318,20
190372,8
190415,9
190442,19
190451,8
190503,19
190512,19
190521,24
190530,19
190549,16
190558,17
190567,14
190576,7
190585,19
190594,13
190600,18
190619,22
190628,23
190637,16
190646,18
190655,18
190664,16
190673,19
190691,19
190707,4
190716,7
190725,11
190752,5
190761,15
190840,21
190956,3
190974,11
190983,10
191083,17
191126,17
191199,20
191205,11
191241,13
191287,10
191302,25
191311,13
191339,14
191515,9
191533,9
191597,12
191612,18
191621,11
191630,10
191649,13
191676,11
191719,19
191728,15
191931,14
191940,9
191959,25
191968,10
191986,16
192004,29
192022,17
192040,6
192110,5
192165,15
192192,11
192271,17
192323,12
192448,12
192484,10
192509,11
192624,14
192688,18
192703,13
192712,5
192749,11
192785,8
192800,14
192819,16
192864,9
192925,12
192961,5
192970,7
193016,17
193052,29
193061,12
193070,4
193122,30
193186,16
193201,15
193247,7
193265,17
193283,17
193292,10
193308,16
193326,20
193353,13
193380,1
193399,13
193478,18
193584,9
193609,7
193654,9
193672,10
193858,17
193900,9
193946,17
193973,11
193991,9
194028,15
194091,11
194116,11
194161,12
194189,15
194222,17
194240,18
194259,13
194310,15
194392,12
194435,20
194499,28
194569,12
194578,9
194657,21
194666,25
194693,9
194736,20
194763,35
194824,12
194958,13
195003,13
195030,10
195058,20
195067,22
195128,11
195164,12
195173,16
195191,15
195216,11
195234,14
195243,16
195289,3
195304,9
195322,19
195438,8
195474,12
195526,8
195544,10
195562,13
195702,6
195720,11
195784,14
195809,16
195988,18
196006,18
196015,18
196024,16
196033,14
196042,19
196051,11
196060,18
196079,19
196088,14
196097,19
196103,14
196112,13
196121,17
196130,14
196149,15
196158,14
196167,17
196176,16
196185,17
196194,17
196200,11
196219,14
196237,23
196246,16
196255,9
196264,15
196291,15
196307,6
196389,9
196413,15
196431,17
196440,7
196565,15
196583,4
196592,11
196653,8
196680,20
196699,21
196866,10
197018,15
197027,13
197036,7
197045,11
197133,8
197142,9
197151,7
197197,16
197221,9
197230,10
197285,19
197294,20
197337,20
197531,26
197601,12
197647,9
197674,13
197692,12
197708,7
197735,14
197744,26
197814,13
197850,15
197869,16
197887,14
197911,12
197966,10
197984,16
197993,10
198011,12
198039,12
198066,11
198084,10
198109,7
198118,20
198136,16
198154,14
198190,2
198206,8
198215,12
198233,13
198251,14
198260,19
198303,16
198321,14
198330,14
198367,14
198376,16
198385,9
198419,6
198455,11
198464,18
198491,13
198507,16
198516,12
198534,20
198543,18
198552,12
198561,13
198570,12
198598,9
198613,12
198622,16
198640,11
198668,13
198677,4
198695,15
198710,14
198729,14
198756,13
198774,10
198808,11
198817,15
198835,12
198844,19
198862,15
198871,11
198899,9
198905,14
198914,13
198923,8
198950,11
198969,9
198978,30
198987,18
199005,7
199023,8
199032,7
199069,15
199078,16
199087,25
199102,18
199111,13
199120,13
199139,19
199148,16
199157,16
199184,6
199193,14
199209,20
199218,18
199263,9
199272,12
199281,18
199306,13
199324,12
199333,20
199412,10
199421,10
199449,15
199458,9
199467,19
199476,16
199485,18
199494,16
199582,11
199607,11
199625,10
199634,13
199643,15
199689,15
199698,13
199722,9
199731,12
199740,14
199759,27
199768,14
199786,14
199795,13
199838,16
199847,10
199856,19
199865,11
199883,11
199892,12
199908,10
199926,12
199953,11
199962,16
199971,22
199980,25
199999,15
200004,17
200013,13
200022,14
200059,12
200086,5
200110,16
200156,10
200192,14
200208,5
200217,13
200226,13
200253,11
200280,17
200305,12
200314,12
200332,18
200341,25
200466,8
200484,13
200527,8
200554,11
200572,13
200590,7
200785,13
200800,18
200846,22
200873,8
201034,4
201061,9
201098,8
201104,16
201131,5
201140,8
201159,8
201177,6
201195,11
201283,12
201371,11
201432,21
201441,17
201469,12
201478,4
201496,16
201539,9
201548,12
201645,11
201654,16
201672,15
201681,10
201690,14
201751,6
201803,8
201821,14
201867,15
201885,17
201928,14
201946,21
201955,18
201964,11
201973,14
201982,7
202046,10
202073,4
202134,16
202152,16
202161,15
202170,9
202222,18
202356,16
202435,5
202453,17
202480,14
202514,9
202523,9
202648,19
202657,15
202763,16
202806,13
202888,15
202903,8
202912,5
202949,15
202985,10
203030,15
203085,14
203128,12
203146,16
203155,23
203234,26
203289,10
203331,33
203368,13
203386,13
203438,7
203447,22
203456,26
203465,21
203474,26
203483,21
203492,21
203517,20
203526,21
203535,10
203544,10
203580,13
203599,14
203614,6
203678,14
203720,11
203739,7
203748,15
203757,11
203775,11
203845,8
203881,11
203942,5
203960,7
204006,14
204015,14
204024,13
204121,17
204158,5
204176,10
204185,12
204194,14
204200,11
204255,18
204264,11
204334,4
204422,16
204431,10
204440,28
204459,11
204468,13
204486,23
204501,9
204608,14
204617,13
204635,11
204662,13
204671,20
204680,19
204699,19
204705,29
204714,13
204723,20
204769,24
204778,20
204796,19
204802,15
204820,16
204839,13
204848,18
204857,15
204866,14
204884,14
204893,4
204909,10
204936,12
204945,15
204963,11
204981,7
205027,5
205054,14
205090,6
205124,7
205142,20
205179,13
205203,16
205391,13
205443,15
205470,15
205559,10
205841,20
205887,16
205957,14
205966,19
206011,15
206039,8
206048,16
206084,20
206154,3
206172,13
206181,7
206279,8
206321,6
206349,7
206394,5
206437,13
206446,12
206491,15
206507,15
206525,11
206589,10
206604,13
206613,15
206622,11
206695,17
206817,11
206835,10
206862,13
206905,5
206914,19
206923,21
206932,15
206941,17
206996,27
207041,18
207050,23
207069,19
207087,11
207102,13
207157,15
207209,15
207236,15
207254,5
207263,18
207272,11
207281,17
207290,22
207306,15
207324,13
207342,8
207351,16
207388,18
207397,21
207403,15
207449,25
207458,11
207500,17
207564,16
207582,16
207661,19
207670,20
207704,14
207722,12
207740,19
207786,24
207847,24
207856,11
207865,19
207935,19
207962,30
207971,11
208035,20
208044,13
208053,11
208187,15
208275,16
208318,17
208390,22
208406,17
208415,9
208433,20
208479,21
208488,18
208512,10
208637,9
208646,17
208725,5
208822,14
208859,10
209038,18
209056,11
209065,11
209074,18
209083,13
209153,7
209205,10
209241,6
209250,19
209287,10
209296,7
209409,15
209490,8
209506,16
209542,18
209551,17
209603,12
209612,10
209667,10
209676,10
209694,7
209700,19
209719,15
209746,21
209807,21
209825,11
209922,9
209940,18
210076,10
210146,20
210155,13
210234,17
210270,15
210304,10
210331,14
210340,33
210401,11
210429,13
210438,8
210474,12
210492,6
210571,14
210599,18
210605,18
210669,10
210711,6
210739,13
210748,9
210775,13
210784,11
210809,122
211006,21
211024,11
211079,16
211088,12
211149,10
211158,19
211273,9
211291,9
211307,15
211316,10
211334,14
211343,14
211352,15
211361,18
211431,11
211440,5
211468,9
211477,10
211556,10
211583,9
211608,14
211635,10
211644,16
211802,10
211893,2
211927,18
211981,13
212009,9
212045,11
212054,11
212106,13
212115,21
212133,10
212160,15
212197,11
212230,14
212267,17
212276,14
212294,18
212300,14
212328,15
212337,19
212355,19
212382,21
212391,17
212434,6
212452,8
212577,9
212601,13
212656,11
212674,9
212753,28
212771,12
212805,13
212832,10
212869,8
212878,15
212911,8
212975,8
212984,12
212993,15
213011,9
213020,17
213163,6
213181,13
213215,15
213233,9
213251,11
213303,13
213321,13
213330,6
213349,18
213358,12
213367,12
213376,19
213385,10
213400,14
213455,18
213473,8
213491,14
213507,11
213525,18
213534,15
213543,9
213552,14
213570,27
213589,30
213598,15
213613,14
213622,14
213659,15
213668,12
213774,11
213783,15
213826,12
213914,27
213932,9
213987,14
213996,12
214023,6
214041,19
214069,10
214111,16
214148,7
214157,11
214166,11
214175,9
214272,14
214290,15
214379,19
214476,9
214528,19
214582,10
214777,15
214883,13
214892,9
214944,13
214971,8
215008,15
215044,15
215053,10
215062,6
215105,9
215114,11
215132,11
215239,18
215266,15
215275,17
215284,17
215293,14
215309,5
215336,13
215381,18
215390,16
215415,18
215442,11
215479,7
215530,11
215585,20
215594,8
215637,21
215655,15
215682,15
215691,12
215743,14
215770,10
215798,11
215886,8
215929,13
215947,14
215974,4
215983,2
215992,8
216010,16
216038,20
216047,7
216074,8
216083,7
216162,10
216223,7
216278,12
216287,8
216296,16
216311,21
216339,13
216357,10
216366,12
216418,4
216436,10
216445,9
216454,10
216524,10
216542,10
216551,15
216579,24
216597,11
216630,6
216667,10
216694,12
216746,15
216764,19
216773,11
216782,4
216807,11
216825,14
216852,13
216931,12
216940,10
217013,12
217040,9
217059,14
217077,14
217156,6
217165,13
217235,19
217305,12
217323,7
217402,12
217420,13
217475,19
217484,16
217493,9
217518,14
217536,13
217581,12
217606,18
217615,13
217624,17
217633,15
217688,13
217712,15
217721,20
217749,13
217776,14
217794,10
217819,14
217828,17
217837,16
217864,12
217873,13
217882,16
217891,11
217907,12
217925,14
217934,11
217961,13
217989,12
217998,12
218025,17
218043,8
218061,14
218070,10
218113,15
218140,21
218159,20
218195,20
218229,17
218238,13
218335,10
218353,19
218399,13
218414,13
218441,14
218487,15
218520,18
218539,12
218645,14
218654,15
218663,15
218672,14
218681,14
218690,14
218706,18
218724,16
218733,15
218742,15
218821,19
218830,17
218858,16
218867,6
218885,19
218894,20
218919,10
218955,12
218964,13
218973,11
218991,18
219000,12
219037,9
219046,16
219082,19
219091,12
219125,10
219143,17
219170,12
219189,13
219198,13
219204,7
219259,17
219277,11
219295,11
219338,11
219347,15
219356,17
219374,14
219383,17
219392,4
219408,10
219426,13
219453,10
219471,15
219480,13
219505,9
219587,9
219596,20
219602,17
219639,9
219709,14
219718,15
219790,12
219806,14
219824,16
219833,11
219842,15
219851,10
219879,19
219888,20
219903,32
219921,22
219949,16
219976,13
219994,18
220002,9
220057,20
220075,15
220118,14
220127,22
220163,12
220181,12
220206,9
220215,13
220251,20
220279,15
220321,20
220394,18
220400,21
220464,13
220473,10
220491,15
220516,12
220552,18
220598,20
220604,12
220613,15
220631,15
220640,25
220701,13
220710,12
220756,17
220765,18
220808,3
220853,21
220862,15
220978,17
221050,20
221096,20
221102,20
221148,28
221184,21
221236,16
221281,16
221333,10
221351,10
221388,17
221397,19
221430,29
221485,21
221494,20
221519,10
221582,15
221591,20
221607,12
221616,17
221625,20
221634,10
221643,20
221661,13
221731,12
221740,19
221759,17
221768,15
221829,20
221838,14
221847,18
221892,14
221908,22
221953,16
221971,10
221999,7
222053,23
222062,18
222105,10
222178,15
222567,12
222576,22
222628,20
222822,14
222831,20
222877,9
222886,26
222938,12
222983,12
222992,20
223056,15
223083,13
223117,3
223232,13
223320,25
223427,25
223463,14
223472,20
223506,13
223524,23
223773,29
223816,24
223852,4
223898,20
223922,23
224004,14
224110,18
224147,18
224156,18
224226,13
224244,10
224271,19
224323,11
224350,14
224527,14
224545,12
224554,20
224572,30
224615,22
224642,25
224660,30
224679,30
224758,10
224776,12
224828,8
224891,20
224961,17
225070,19
225201,26
225247,14
225308,17
225371,18
225399,14
225414,17
225423,21
225432,19
225502,18
225511,23
225520,15
225548,10
225575,16
225627,11
225876,16
225885,18
225991,12
226019,19
226091,18
226107,23
226116,20
226125,19
226134,26
226152,24
226204,15
226231,11
226277,23
226383,14
226408,14
226471,17
226578,16
226587,10
226675,9
226806,15
226833,17
226860,10
226879,11
226903,22
226930,27
227058,16
227146,30
227182,21
227191,29
227216,26
227225,19
227298,25
227304,19
227313,24
227322,28
227331,12
227368,20
227377,20
227386,21
227401,21
227429,23
227526,18
227687,16
227748,10
227757,6
227766,28
227845,14
227854,21
227863,12
227881,21
227924,24
227979,22
228042,14
228088,14
228149,11
228158,21
228185,22
228200,24
228219,22
228246,11
228282,9
228316,21
228325,17
228343,12
228431,18
228459,21
228468,15
228486,13
228501,12
228529,22
228547,22
228608,19
228644,7
228653,10
228699,20
228705,17
228723,20
228769,24
228778,19
228787,25
228796,20
228802,18
228875,13
228884,25
228981,14
229018,19
229027,25
229063,16
229115,20
229160,15
229179,17
229267,9
229300,5
229337,7
229355,19
229416,33
229425,15
229504,16
229522,4
229540,15
229656,12
229780,6
229799,17
229814,18
229832,20
229841,20
229887,14
229957,7
230010,16
230038,20
230047,16
230056,13
230065,12
230144,10
230162,10
230171,25
230199,11
230205,20
230214,15
230366,10
230418,22
230490,9
230597,19
230603,19
230621,13
230630,6
230676,7
230728,19
230737,24
230746,18
230764,17
230782,21
230807,9
230816,10
230834,16
230852,15
230861,14
230889,11
230913,13
230940,5
230959,8
230977,4
230995,15
231004,8
231059,11
231095,7
231165,10
231174,16
231280,10
231411,14
231420,17
231536,22
231554,14
231581,13
231624,11
231651,29
231688,7
231697,19
231712,14
231721,7
231785,18
231873,15
231882,22
232016,9
232025,11
232043,10
232052,15
232089,13
232186,17
232195,22
232256,10
232265,14
232308,9
232414,21
232423,16
232450,24
232557,17
232566,13
232575,23
232609,11
232618,11
232672,11
232681,13
232706,12
232724,4
232788,22
232797,28
232867,31
232885,7
232919,13
232937,16
232946,25
232982,17
233019,18
233037,17
233082,4
233116,20
233277,15
233286,10
233295,11
233301,8
233310,19
233329,24
233338,27
233356,11
233374,8
233408,11
233426,11
233480,6
233541,10
233602,7
233611,16
233639,24
233648,23
233666,13
233684,52
233718,8
233754,19
233772,21
233897,11
233903,18
233921,14
233949,24
234030,18
234076,15
234085,11
234119,20
234137,15
234155,13
234164,15
234173,12
234207,8
234377,29
234669,14
234696,18
234711,15
234827,19
234845,15
234915,6
234924,15
234933,16
234951,20
234979,18
235024,7
235088,14
235097,18
235103,13
235149,14
235158,14
235167,21
235237,15
235307,16
235316,11
235334,15
235343,12
235352,15
235422,6
235431,14
235501,6
235547,12
235583,16
235671,17
235699,12
235750,13
236018,10
236072,15
236133,11
236188,17
236212,16
236230,11
236258,14
236328,11
236382,12
236452,12
236504,18
236513,14
236577,13
236595,11
236610,13
236638,15
236656,15
236692,23
236708,22
236744,16
236753,16
236887,16
236896,15
236939,16
236948,20
236975,15
237011,19
237039,12
237057,9
237066,12
237109,20
237118,15
237127,20
237136,9
237145,9
237172,8
237181,10
237215,13
237242,4
237303,14
237312,15
237321,12
237330,14
237358,12
237367,15
237385,16
237437,17
237473,16
237491,12
237525,18
237543,14
237552,10
237561,12
237570,8
237598,18
237640,10
237686,14
237701,18
237729,10
237783,18
237792,14
237817,17
237844,16
237899,11
237905,7
237932,13
237950,14
237969,14
237987,24
237996,22
238005,20
238014,11
238032,20
238078,11
238096,6
238175,13
238193,10
238263,11
238324,9
238333,11
238397,8
238430,10
238458,14
238476,12
238573,9
238616,12
238661,10
238722,11
238759,8
238810,7
238980,13
239008,11
239017,8
239071,11
239080,12
239105,14
239220,11
239248,12
239309,11
239318,13
239372,18
239390,10
239442,9
239460,12
239488,16
239512,11
239628,13
239716,13
239743,9
239877,10
239910,15
240107,11
240116,14
240125,21
240170,9
240189,19
240198,8
240268,22
240277,22
240329,18
240338,12
240365,23
240374,19
240392,17
240417,18
240426,17
240444,17
240453,17
240462,20
240471,20
240480,20
240505,13
240514,15
240596,15
240620,15
240657,12
240666,17
240693,12
240709,11
240718,14
240727,15
240736,12
240745,15
240754,16
240790,26
240879,32
240985,18
241100,17
241128,22
241146,15
241182,28
241191,16
241216,24
241225,18
241304,14
241331,17
241377,13
241386,9
241395,15
241410,26
241517,15
241614,8
241720,15
241739,21
241766,6
241836,31
241906,18
241951,9
242042,10
242112,13
242121,10
242130,17
242149,18
242413,15
242556,10
242565,20
242583,10
242617,23
242626,27
242635,28
242644,24
242653,21
242662,25
242680,24
242699,22
242705,28
242750,7
242820,25
242945,25
242954,20
242972,22
243106,21
243115,23
243133,21
243142,17
243151,21
243179,16
243188,14
243197,21
243203,2
243212,23
243221,16
243346,22
243443,23
243568,23
243577,20
243586,23
243601,26
243638,14
243647,10
243665,12
243744,5
243780,13
243799,10
243823,10
243832,14
243841,21
244233,9
244279,18
244437,20
244446,17
244613,17
245281,17
245625,17
245652,7
245777,31
245838,4
245847,3
245883,4
245892,2
245953,11
245962,16
245980,19
245999,20
246017,6
246035,38
246071,9
246354,29
246406,8
246415,10
246460,20
246813,14
246895,14
247010,10
247047,16
247065,12
247153,15
247162,7
247409,15
247603,15
247649,6
247773,10
247825,5
247834,25
247940,19
248192,10
248305,14
248527,20
248606,27
248624,15
248633,12
248660,17
248703,17
248925,14
248934,11
249140,33
249238,15
249566,6
249609,14
250027,9
250285,12
250744,16
250902,17
250993,10
251260,18
251312,9
260336,2
260363,9
260372,20
260664,8
260691,12
260789,19
260813,13
260929,15
260965,8
260992,15
261436,14
261676,12
261685,8
261719,13
261773,3
261861,14
262031,19
262086,19
262129,7
262341,12
262369,13
262402,4
262466,10
362700,16
362782,14
363013,18
363077,10
363147,23
363165,9
363439,15
363633,13
363679,12
363712,8
363882,22
363907,6
363916,7
363934,15
364016,18
364025,27
364548,4
364575,7
364627,12
364636,10
364751,11
364760,15
364946,6
364964,11
365091,20
365125,13
365198,9
365204,17
365213,10
365240,12
365374,18
365383,18
365480,9
365505,15
365693,12
365763,14
365824,17
365833,27
366003,14
366155,20
366191,39
366252,14
366261,39
366270,15
366289,15
366340,11
366395,23
366401,25
366438,15
366465,15
366535,15
366553,13
366571,12
366623,11
366632,17
366711,26
367051,14
367088,12
367103,12
367112,30
367158,22
367334,13
367361,12
367431,10
367459,17
367875,8
367884,15
367972,17
367981,15
368036,26
368230,14
368364,13
368407,11
368443,15
368452,8
368540,12
368629,14
368647,6
368771,35
368832,20
368911,12
369109,9
369400,39
369419,16
369446,15
369455,16
369516,11
369668,10
369686,20
369695,22
369783,28
369950,12
371034,10
371052,22
371690,30
371830,25
371928,14
371964,18
372028,50
372073,11
372082,20
372240,15
372329,7
372356,21
372462,12
372718,16
372921,26
372958,10
373085,11
373216,12
373456,8
373526,8
373678,17
373696,22
373711,11
373784,18
374316,15
374343,11
374574,16
374592,15
374990,20
375106,10
375230,22
375373,7
375407,10
375416,12
375540,14
375568,5
375656,6
375683,18
375726,3
375939,2
375966,6
375984,27
376224,17
376242,26
376288,8
376321,20
376330,12
376385,16
376446,15
376631,18
376677,17
376695,17
377111,19
377193,7
377218,17
377272,8
377281,9
377315,10
377342,27
377449,13
377458,6
377485,8
377546,25
377555,23
377564,17
377643,19
377652,24
377661,24
377722,16
377759,15
378105,25
378576,15
378886,9
378956,22
379621,22
379746,21
379782,17
380067,24
380359,14
380368,23
380377,10
380438,17
380456,15
380465,3
381255,14
381282,22
381325,14
381361,4
381370,17
381404,26
381486,3
381699,9
381732,7
382258,5
382267,25
382416,10
382461,10
382780,15
382911,7
382957,20
383020,8
383084,27
383163,20
383190,14
383279,15
383297,11
383312,9
383330,5
383367,5
383464,20
383525,10
383765,17
383792,24
383996,15
384236,25
384245,25
384254,10
384333,24
384342,18
384412,10
384421,16
385132,10
385503,16
385549,6
385619,18
386153,26
386472,15
387925,19
388520,13
388663,16
389860,5
390905,10
391005,20
391546,10
391759,11
392257,14
392354,1
392415,33
392840,10
393524,20
393649,30
393861,25
395362,13
395690,23
397942,25
399212,37
399869,26
399911,7
400080,25
400187,30
400558,22
401223,7
401481,10
401764,11
402563,12
402776,4
402800,14
403469,22
403478,20
403487,24
404037,15
404055,20
404338,9
404426,24
404684,19
404718,22
404806,13
404912,15
404994,12
405012,13
405058,26
405076,25
405854,15
405872,14
405997,3
406024,14
406033,12
406149,8
406325,10
406361,7
406413,10
406422,10
406486,12
406547,13
407009,13
407090,8
407142,17
407151,15
407179,18
407355,16
407391,9
407407,13
407425,14
407434,8
407461,4
407470,20
407489,10
407513,12
407522,8
407568,22
407577,19
407595,7
407610,3
407629,1
407683,17
407708,21
407735,15
407832,10
408066,15
408163,9
408385,24
408729,9
408844,22
408862,20
409032,1
409120,11
409193,20
409315,23
409537,10
409591,7
409698,23
410797,14
410964,11
411684,18
411754,10
412173,27
412535,14
412544,17
412599,21
413176,10
413413,27
413617,5
413626,6
413680,19
413778,11
413802,14
413820,4
413893,30
413945,14
413972,3
414063,15
414124,12
414461,29
414489,15
414540,16
414595,9
414823,20
414869,7
414878,7
414911,17
414939,40
415039,14
415057,14
415987,17
416458,15
416801,11
417008,21
417062,18
417105,33
417123,10
417248,18
417275,18
417327,10
417381,12
417442,12
417503,6
417600,10
417628,3
417637,7
417646,8
417655,7
417682,7
417716,12
417725,14
417734,4
417752,9
417831,26
417840,30
417868,2
417886,7
417910,12
417983,5
417992,16
418001,14
418010,10
418029,15
418038,35
418056,9
418065,17
418083,25
418126,15
418171,21
418199,10
418205,12
418223,6
418250,11
418269,11
418278,22
418296,22
418302,7
418320,9
418339,12
418348,11
418357,9
418409,10
418427,11
418445,10
418454,11
418481,15
418515,12
418524,13
418533,17
418542,5
418560,2
418588,15
418612,5
418658,13
418764,13
418773,15
418782,16
418889,12
418913,1
418968,17
419031,12
419095,6
419183,19
419217,11
419226,6
419235,16
419244,12
419253,10
419280,10
419332,10
419341,7
419420,11
419484,9
419633,11
419703,22
419712,15
419721,15
420024,12
420042,9
420130,30
420255,14
420325,17
420343,23
420370,24
420398,31
420431,12
420440,14
420459,13
420468,12
420538,16
420556,13
420574,21
420608,30
420723,9
420981,14
421513,11
421610,10
421665,4
421708,20
421717,7
421771,25
421832,10
421841,18
421878,10
421896,23
422695,13
422835,14
423120,45
423397,44
423412,25
423652,10
425250,12
425986,17
426314,19
427308,13
427335,10
427894,14
427973,11
427982,7
427991,17
428000,14
428019,10
428055,15
428125,25
428143,19
428170,10
428259,2
428392,18
429012,2
429128,8
430184,56
430218,12
430227,26
430245,22
430306,12
430403,30
430485,9
430564,10
430582,50
430670,7
430704,9
430795,15
430883,8
430908,10
430935,30
430971,10
431017,4
431071,12
431099,15
431105,8
431123,13
431141,12
431169,9
431187,7
431196,24
431266,10
431275,6
431284,25
431558,23
431600,14
431716,3
431929,8
431983,15
432074,13
432117,20
432223,5
432269,10
432384,17
432524,10
433004,16
433013,30
433040,10
433068,21
433101,19
433138,6
433165,5
433174,6
433387,42
433420,6
433536,16
433660,22
433970,23
434016,10
434061,25
434140,22
434159,28
434274,10
434283,3
434292,2
434308,25
434344,17
434362,17
434432,20
434469,3
434496,20
434520,19
434539,20
434584,8
434672,15
434751,14
434821,22
434830,16
434900,15
434937,3
435000,3
436030,25
436100,20
436304,28
436429,25
436553,20
436599,9
436614,4
436632,12
436641,25
436650,31
436775,15
436818,21
436827,16
436836,20
437097,4
437103,29
437237,7
437316,13
437325,6
437556,18
437608,20
437635,13
437705,4
437723,15
437732,8
437750,17
437769,14
437778,15
437857,11
438151,13
438179,25
438221,20
438285,20
438337,25
438498,10
438504,46
438586,13
438674,10
438708,9
438735,13
438869,6
438984,17
439020,9
439118,39
439145,13
439190,14
439288,14
439367,20
439446,6
439455,10
439473,20
439491,26
439507,18
439570,23
439622,20
439668,16
439686,14
439701,10
439738,14
439747,30
439774,18
439783,10
439792,27
439844,11
439862,7
439871,10
439899,16
439932,14
439969,16
439996,9
440059,15
440101,17
440217,12
440226,9
440262,18
440271,18
440396,12
440402,15
440651,23
440730,19
440749,10
440776,10
440794,10
440819,10
440828,10
440855,11
440989,30
441025,24
441052,37
441070,6
441168,15
441210,20
441229,7
441256,7
441362,27
441371,16
441380,25
441414,20
441423,20
441487,10
441496,10
441502,18
441548,10
441575,10
441593,29
441609,9
441618,4
441636,19
441645,8
441663,18
441672,3
441690,6
441706,26
441742,28
441760,19
441788,18
441830,8
441858,5
441876,18
441900,17
441937,21
441982,8
442073,13
442134,20
442161,7
442213,3
442240,15
442329,30
442356,14
442383,15
442426,30
442435,12
442523,10
442569,17
442602,22
442611,38
442639,10
442657,10
442781,8
442842,12
442879,19
442888,15
442930,15
442949,2
442967,12
442976,12
442985,10
443021,10
443049,9
443058,2
443100,14
443137,20
443146,22
443173,6
443207,13
443216,29
443225,24
443234,16
443252,25
443261,12
443289,25
443298,12
443322,10
443331,20
443340,7
443377,8
443410,10
443492,15
443562,15
443571,15
443599,20
443632,14
443641,15
443650,21
443669,18
443696,10
443748,27
443766,69
443784,62
443951,15
443979,8
444051,16
444088,16
444130,3
444194,11
444200,18
444219,27
444228,13
444255,18
444264,10
444282,16
444291,16
444307,15
444316,12
444325,20
444334,15
444343,1
444361,18
444370,28
444398,10
444404,15
444413,22
444440,17
444468,11
444486,20
444510,14
444529,15
444556,31
444565,10
444583,30
444592,12
444635,5
444662,19
444671,15
444714,14
444732,20
444778,3
444787,8
444796,10
444811,13
444857,14
444866,15
444893,25
444936,10
444945,16
444954,14
445027,45
445133,18
445188,19
445203,15
445212,15
445230,23
445249,11
445258,17
445267,17
445300,3
445364,33
445461,29
445498,11
445540,20
445638,14
445647,12
445656,15
445692,27
445708,18
445735,11
445744,28
445762,11
445780,4
445799,33
445841,20
445850,20
445911,14
445948,32
445957,12
446048,12
446084,7
446093,24
446109,20
446118,13
446127,15
446136,22
446163,26
446206,12
446224,6
446233,10
446242,13
446251,14
446260,20
446288,15
446303,9
446349,10
446385,5
446394,4
446455,5
446516,5
446525,15
446534,8
446552,35
446561,15
446589,25
446598,12
446604,13
446640,29
446677,5
446774,26
446996,15
447014,12
447023,18
447050,13
447148,18
447166,11
447175,13
447263,15
447379,15
447403,27
447421,7
447430,13
447449,12
447458,15
447467,12
447582,15
447591,19
447607,25
447616,25
447689,19
447704,8
447713,7
447722,10
447731,21
447759,20
447768,43
447777,25
447795,10
447810,14
447847,6
447865,11
447874,12
447883,6
447892,21
447908,20
447917,12
447935,15
447953,10
447962,16
447971,20
447980,16
447999,10
448017,10
448026,10
448044,3
448071,16
448123,10
448196,16
448220,15
448239,18
448248,8
448257,7
448275,20
448354,10
448424,9
448433,37
448594,30
448600,19
448619,14
448646,18
448673,21
448707,25
448752,8
448761,10
448770,21
448798,18
448840,17
448859,10
448886,13
448895,20
448983,9
449038,27
449074,22
449083,12
449092,12
449135,15
449250,19
449311,8
449320,19
449339,21
449348,13
449357,15
449366,12
449384,10
449393,16
449445,15
449454,10
449463,9
449472,11
449490,10
449506,24
449524,14
449533,24
449597,5
449603,14
449612,16
449658,18
449667,4
449676,11
449685,20
449700,30
449719,14
449728,25
449764,6
449773,10
449782,11
449807,16
449816,9
449861,15
449870,6
449889,9
449898,10
449904,20
449931,9
449959,15
449968,15
449977,15
449986,15
449995,15
450021,13
450058,18
450067,21
450119,15
450128,28
450298,113
450377,71
450395,7
450401,14
450571,16
450599,23
450605,16
450614,16
450632,5
450641,16
450650,10
450711,15
450720,19
450933,41
450951,11
450960,10
450979,20
450988,26
451033,5
451042,10
451051,7
451097,12
451103,17
451121,12
451149,20
451158,25
451167,13
451194,7
451228,14
451237,10
451255,2
451264,14
451282,16
451291,5
451307,20
451316,12
451334,15
451343,19
451352,16
451370,12
451398,23
451404,13
451413,5
451459,12
451468,13
451477,30
451495,22
451501,18
451529,7
451547,25
451556,18
451565,12
451574,9
451583,8
451626,9
451635,10
451671,12
451714,18
451741,20
451750,16
451820,10
451857,12
451866,11
451918,15
451927,11
452009,13
452072,15
452081,33
452106,13
452124,18
452373,10
452771,9
452780,9
452887,16
452948,14
453163,86
453215,69
453297,4
453756,14
453792,20
454184,13
454227,19
454236,8
454245,8
454306,17
454458,4
454537,8
454546,15
454555,17
454573,13
454582,2
454607,14
454616,9
454652,10
454689,15
454698,20
454722,25
454759,15
454768,18
454777,14
454786,14
454795,40
454801,14
454810,49
454829,10
454847,11
454856,16
454865,20
454874,8
454917,15
454926,20
454935,7
454944,20
454953,10
454962,9
454971,9
454980,5
454999,8
455008,14
455026,6
455062,17
455071,24
455080,14
455105,13
455114,22
455141,13
455187,20
455196,23
455202,15
455211,9
455220,12
455239,8
455257,38
455275,14
455284,14
455327,11
455336,20
455354,15
455381,10
455460,26
455479,14
455488,35
455512,18
455558,16
455628,20
455664,5
455707,12
455725,11
455734,15
455761,14
455770,13
455798,12
455831,10
455840,5
455859,19
455868,22
455877,10
455886,8
455895,11
455901,10
455910,5
455929,14
455956,23
455965,20
455974,15
455983,12
456001,10
456029,20
456038,25
456065,20
456074,20
456126,11
456135,17
456153,15
456180,3
456205,26
456214,17
456287,12
456454,17
456481,7
456490,5
456506,20
456515,16
456551,9
456560,10
456579,21
456588,12
456597,16
456621,80
456825,20
456922,18
456931,21
456959,15
456968,20
456977,12
457031,10
457077,16
457086,15
457101,28
457110,24
457129,8
457174,11
457192,10
457208,15
457226,6
457244,16
457253,17
457299,25
457314,10
457323,20
457332,6
457341,13
457350,15
457378,10
457387,13
457396,12
457402,5
457411,12
457420,10
457439,9
457448,21
457466,15
457475,12
457484,10
457493,13
457527,7
457536,22
457545,15
457554,8
457563,10
457572,16
457581,16
457606,15
457615,10
457624,8
457633,7
457642,23
457651,11
457679,10
457688,11
457697,7
457721,7
457749,12
457767,20
457776,20
457785,3
457794,18
457800,25
457819,9
457837,10
457846,7
457855,10
457873,4
457916,10
457925,2
457943,4
457952,15
457989,10
457998,20
458007,15
458034,10
458043,20
458052,6
458061,50
458070,12
458098,12
458104,15
458113,3
458122,9
458131,10
458140,7
458168,9
458210,19
458229,19
458265,19
458274,15
458380,17
458405,18
458423,12
458441,25
458496,10
458681,26
458803,20
458812,18
458821,23
458830,25
458849,15
458858,20
458867,20
458885,67
458919,80
458955,95
458964,88
458973,44
458982,12
459000,20
459019,19
459046,23
459055,12
459064,15
459116,15
459125,10
459170,10
459189,15
459198,15
459204,21
459213,15
459231,20
459259,7
459268,7
459277,16
459286,15
459295,13
459301,17
459310,15
459329,14
459347,9
459374,14
459392,13
459408,9
459417,8
459426,9
459462,15
459499,6
459514,24
459523,11
459532,25
459541,5
459550,17
459578,12
459727,11
459824,12
459842,15
459851,12
459949,18
459958,27
459967,28
459985,28
459994,12
460011,20
460020,17
460093,13
460109,20
460118,28
460127,15
460136,18
460145,13
460172,18
460181,36
460190,37
460206,32
460349,11
460376,2
460385,6
460394,29
460446,10
460455,5
460464,30
460482,13
460516,13
460525,11
460534,17
460543,46
460570,19
460677,21
460701,11
460738,20
460756,25
460765,10
460783,10
460808,4
460817,25
460826,30
460835,25
460862,18
460871,9
460899,8
460914,14
460932,13
460969,26
460978,20
460987,10
460996,10
461005,14
461014,39
461023,49
461032,7
461111,10
461148,4
461157,5
461175,11
461193,17
461218,9
461245,7
461254,10
461263,9
461272,5
461281,12
461290,6
461306,12
461315,5
461324,25
461333,2
461342,10
461351,22
461379,3
461388,15
461412,15
461421,13
461430,11
461494,15
461500,10
461528,8
461537,12
461555,20
461573,13
461582,12
461591,15
461607,15
461625,6
461643,7
461652,8
461689,14
461704,12
461713,9
461722,7
461740,12
461759,5
461768,37
461786,6
461795,11
461810,15
461829,10
461838,20
461847,22
461856,30
461865,40
461874,10
461883,22
461892,10
461908,12
461917,15
461926,11
461944,6
461953,16
461962,8
461999,15
462008,15
462017,17
462035,13
462053,20
462062,13
462071,15
462336,25
462345,13
462354,9
463056,24
464226,10
465812,45
466921,10
466930,6
467094,20
467863,15
467872,15
467906,20
468246,15
468255,7
468769,21
468848,20
468893,20
468909,25
468963,11
469416,15
469610,17
469629,16
469638,21
469911,14
469920,11
469957,10
470038,30
470047,7
470296,25
470393,10
474863,20
474890,23
474906,8
474915,22
474924,19
475015,15
475024,29
475033,35
475060,29
475121,16
475130,8
475200,20
475273,9
475282,14
475325,18
475398,4
475404,12
475413,13
475422,4
475431,9
475459,20
475468,9
475477,12
475486,18
475538,12
475547,15
475556,15
475565,16
475574,15
475608,8
475635,5
475653,5
475662,7
475705,14
475714,6
475723,9
475732,9
475741,14
475750,10
475839,8
476063,38
476179,18
476230,14
476294,15
476355,6
476489,25
476498,25
476513,19
476540,8
476559,10
476568,7
476586,15
476595,15
476601,12
476610,1
476629,14
476674,20
476683,20
476692,8
476708,20
476717,18
476726,30
476735,6
476753,13
476780,20
476799,10
476805,12
476814,14
476823,12
476841,20
476850,20
476869,11
476878,16
476887,16
476896,7
476902,7
476939,23
476948,15
476957,8
476966,14
476975,24
476984,15
476993,10
477002,6
477039,21
477950,8
478582,18
478591,21
478616,26
478634,13
478661,22
478917,10
478953,18
479062,12
479248,12
479424,10
479965,12
479974,20
479983,14
479992,10
480000,25
480019,14
480028,9
480037,14
480073,10
480091,29
480125,26
480161,7
480170,10
480189,13
480198,26
480204,19
480310,16
480347,12
480471,30
480499,2
480523,18
480532,21
480550,26
480569,17
480657,18
480693,11
480727,7
480736,15
480781,12
480824,28
480833,21
480842,9
480851,12
480879,12
480888,9
480903,12
480912,3
480921,11
480930,15
480967,10
480976,10
480985,4
480994,15
481003,15
481021,2
481049,9
481058,18
481085,15
481100,9
481128,25
481137,6
481146,15
481155,14
481191,26
481207,20
481225,3
481243,15
481252,11
481289,15
481298,18
481313,15
481322,25
481331,8
481340,7
481368,9
481386,15
481401,15
481410,21
481429,34
481438,9
481447,12
481456,4
481465,10
481474,15
481483,14
481508,25
481517,9
481526,11
481571,15
481678,15
481739,15
481748,20
481845,15
481863,17
481890,22
481906,22
481960,15
482015,26
482060,20
482097,16
482149,16
482158,19
482167,19
482176,15
482185,22
482194,6
482200,15
482228,10
482246,16
482255,17
482291,30
482325,12
482370,3
482413,32
482422,12
482431,17
482440,14
482459,21
482468,25
482477,23
482486,8
482538,8
482547,13
482556,11
482565,4
482574,17
482608,14
482617,9
482635,9
482653,13
482680,18
482699,23
482705,12
482936,15
482963,22
482972,10
482981,25
482990,20
483009,10
483018,4
483036,15
483045,13
483054,16
483106,13
483124,25
483212,23
483221,3
483230,10
483258,21
483276,23
483328,15
483337,15
483346,10
483355,14
483364,12
483373,20
483382,20
483425,12
483443,30
483470,17
483504,25
483513,25
483559,21
483577,7
483586,13
483595,34
483638,9
483647,3
483665,13
483708,13
483717,17
483726,11
483735,13
483744,15
483753,20
483780,8
483799,9
483814,37
483823,14
483841,15
483850,12
483869,18
483878,20
483887,12
483896,15
483911,12
483920,25
483939,12
483948,12
483957,14
484002,20
484011,15
484020,15
484039,35
484048,15
484057,12
484066,11
484075,30
484084,8
484093,12
484109,11
484127,12
484136,25
484163,8
484172,14
484190,14
484206,13
484233,15
484321,8
484330,9
484349,17
484358,15
484367,31
484376,26
484385,41
484394,13
484473,67
484604,30
484613,70
484631,16
484640,4
484668,4
484677,5
484695,3
484710,9
484729,4
484747,3
484756,7
484765,3
484783,3
484826,11
484835,22
484862,5
484871,23
484899,14
484905,17
484923,12
484932,13
484950,11
484996,24
485014,15
485032,17
485111,19
485120,9
485139,14
485166,23
485236,13
485263,18
485272,14
485306,19
485342,17
485360,13
485379,15
485388,15
485397,21
485412,17
485458,17
485476,15
485485,12
485494,15
485500,12
485519,27
485546,5
485564,23
485573,30
485582,14
485591,20
485607,15
485698,6
485704,3
485731,11
485768,25
485801,23
485810,3
485856,6
485874,22
485908,13
485926,25
485953,1
485962,14
485999,8
486017,7
486026,22
486053,9
486105,6
486123,3
486141,5
486150,10
486169,20
486196,12
486202,10
486239,11
486248,25
486257,19
486284,15
486309,5
486327,17
486345,18
486354,15
486372,3
486381,20
486390,40
486406,7
486415,20
486424,15
486442,20
486488,5
486497,25
486503,13
486512,30
486521,1
486530,8
486558,15
486567,15
486576,47
486594,11
486619,12
486691,17
486707,11
486716,18
486734,14
486752,22
486770,25
486798,30
486813,19
486822,23
486840,21
486859,15
486868,11
486877,10
486886,21
486901,9
486938,13
486947,8
486956,10
486965,10
486983,12
487010,7
487047,12
487065,17
487083,5
487092,10
487162,15
487232,10
487296,7
487302,19
487311,16
487320,12
487348,16
487375,20
487384,15
487393,15
487409,15
487418,15
487427,15
487436,15
487445,15
487454,15
487472,15
487481,25
487490,15
487506,5
487524,13
487533,6
487588,51
487597,41
487603,17
487621,11
487658,26
487676,10
487746,3
487773,16
487791,20
487807,4
487816,16
487852,5
487861,15
487889,10
487898,9
487904,5
487913,20
487922,7
487959,20
487968,10
487977,56
487995,15
488004,4
488013,12
488022,12
488031,3
488040,10
488059,22
488068,9
488077,39
488101,10
488110,18
488129,20
488138,10
488147,15
488174,15
488183,10
488192,9
488217,15
488226,8
488235,9
488253,23
488262,6
488271,10
488280,29
488299,5
488305,10
488314,17
488332,21
488350,25
488369,16
488378,20
488396,25
488411,13
488420,12
488439,20
488448,7
488590,6
488651,20
488679,14
488730,33
488749,20
488776,5
488785,12
488800,9
488828,9
488837,5
488846,14
488891,20
488916,20
488925,10
488934,10
488952,25
488961,26
488970,14
488989,15
488998,15
489122,10
489131,10
489140,10
489159,20
489201,32
489238,16
489247,7
489256,25
489283,18
489344,12
489353,11
489371,16
489760,10
489779,24
489812,14
489830,21
489937,12
490018,20
490045,12
490054,8
490063,5
490072,1
490081,4
490090,3
490115,19
490124,6
490133,11
490142,8
490151,18
490160,15
490197,15
490203,8
490212,10
490221,5
490230,15
490249,9
490258,14
490267,6
490276,8
490285,8
490294,22
490300,13
490319,7
490328,15
490337,25
490346,6
490382,18
490391,16
490407,7
490416,14
490425,25
490434,5
490443,18
490452,20
490461,32
490470,12
490489,18
490498,16
490504,13
490513,6
490522,13
490531,14
490540,11
490559,14
490568,18
490674,25
490692,25
490717,12
490735,14
490744,20
490753,1
490805,17
490814,9
490832,11
490841,12
490869,16
490878,16
490896,17
490948,20
490975,21
491057,18
491066,13
491075,13
491084,12
491136,18
491145,18
491181,16
491224,8
491233,20
491242,15
491251,11
491260,6
491288,18
491297,19
491394,13
491446,22
491464,4
491473,4
491482,5
491507,11
491525,7
491534,2
491543,25
491552,10
491570,9
491589,25
491598,11
491613,18
491622,11
491631,6
491640,21
491659,15
491668,9
491677,14
491686,20
491695,13
491701,8
491710,20
491729,20
491738,25
491747,25
491756,11
491765,14
491774,15
491783,11
491792,15
491817,24
491826,7
491835,15
491844,10
491853,15
491871,25
491880,4
491899,25
491905,13
491914,18
491923,20
491932,13
491941,6
491950,29
491969,11
491978,7
491996,13
492005,10
492032,1
492069,9
492087,1
492096,20
492139,17
492157,25
492281,2
492306,18
492315,10
492324,18
492360,10
492379,20
492397,11
492421,20
492449,13
492476,16
492591,7
492643,10
492652,10
492661,18
492689,12
492722,27
492731,9
492759,18
492801,14
492935,8
492953,15
492962,14
493071,31
493080,4
493132,35
493150,7
493372,18
493424,17
493451,9
493479,3
493488,13
493497,3
493503,6
493512,27
493521,2
493530,20
493549,15
493558,8
493567,7
493576,3
493585,8
493594,30
493600,17
493619,7
493628,7
493637,17
493646,12
493655,13
493664,20
493682,8
493691,19
493707,15
493716,21
493725,9
493734,3
493743,25
493752,7
493761,10
493770,3
493789,1
493798,13
493804,12
493813,10
493822,13
493831,5
493895,5
493992,26
494001,5
494029,5
494162,20
494171,20
494232,6
494250,14
494278,15
494287,15
494357,30
494436,15
494454,14
494463,36
494524,12
494588,6
494603,24
494621,6
494630,12
494649,10
494658,25
494685,19
494694,15
494700,17
494719,5
494728,25
494737,14
494746,25
494755,2
494764,3
494807,3
494834,22
494843,17
494852,15
494898,8
494904,13
