"UNITID","CHG3AY3","CHG2AY3"
100654,18634,10024
100663,20400,8568
100690,6950,6950
100706,23518,11122
100724,19396,11068
100751,30250,10780
100760,8800,4870
100830,18292,8620
100858,31124,11492
100937,18238,18238
101028,8790,4860
101116,17014,17014
101143,8730,4800
101161,8730,4800
101189,22310,22310
101240,7032,3888
101286,8670,4740
101295,8730,4800
101301,8430,4500
101365,14200,14200
101435,27400,27400
101453,11532,11532
101462,8700,4770
101471,5400,5400
101480,20840,11120
101505,8790,4860
101514,8810,4880
101541,18540,18540
101569,8730,4800
101587,20090,10990
101602,8730,4800
101648,15418,9418
101675,12464,12464
101693,23860,23860
101709,26728,13708
101736,8701,4771
101879,20220,10620
101897,8730,4800
101912,19990,19990
101994,8790,4860
102030,8610,4740
102049,32850,32850
102058,7280,7280
102067,8471,4541
102076,8880,4950
102094,16292,8396
102234,40648,40648
102270,11292,11292
102298,13846,13846
102313,8640,4710
102368,16708,8908
102377,22614,22614
102429,9342,5150
102553,28084,8103
102580,9700,9700
102614,21216,7080
102632,20832,6696
102669,20760,20760
102845,18161,18161
103945,14585,14585
104151,29428,11338
104160,9770,2780
104179,36718,12691
104188,23069,23069
104346,5160,2580
104425,6240,2112
104577,9120,2700
104586,36708,36708
104708,7854,2070
104717,17800,17800
105145,7854,2070
105154,7854,2070
105206,6972,2112
105297,1410,1410
105330,26516,11896
105349,9360,2380
105428,7854,2070
105525,7506,2190
105589,32553,32553
105668,7854,2070
105747,7854,2070
105792,7854,2070
105899,27890,27890
106148,9080,2492
106245,21754,9544
106306,8760,8760
106342,29140,29140
106397,25872,9384
106412,14908,8248
106449,4656,2928
106458,15860,8900
106467,13236,7668
106485,13759,7909
106546,11032,11032
106625,5448,3216
106704,15998,9188
106713,16650,16650
106795,4350,3900
106810,14500,14500
106883,3804,3225
106980,6230,5000
106999,3438,2850
107044,20735,20735
107071,10612,8902
107080,47600,47600
107141,27668,27668
107318,4186,3226
107327,4026,2626
107460,4632,2952
107488,2326,2326
107512,27900,27900
107521,5906,3458
107549,5356,3004
107558,25950,25950
107585,4128,3456
107600,13014,13014
107619,4910,3410
107637,6735,3855
107664,6900,5670
107725,4300,3250
107743,3648,3408
107840,5596,5596
107877,18060,18060
107974,4812,3012
107983,13580,9080
107992,6417,4977
108092,13026,5754
108232,23412,23412
108667,7617,1257
108807,7504,1352
108852,36190,36190
109086,30456,30456
109208,8928,1104
109350,6380,1124
109651,44932,44932
109785,40220,40220
109819,7737,1325
109907,7464,1104
110060,8095,8095
110097,41976,41976
110219,10075,10075
110246,6984,1368
110334,7462,1270
110361,34882,34882
110370,51092,51092
110404,54600,54600
110413,44382,44382
110422,23833,9943
110468,14880,14880
110486,19299,7419
110495,19422,7542
110510,18765,6886
110529,19276,7396
110538,19686,7806
110547,18826,6946
110556,18469,6589
110565,18804,6924
110574,18880,7000
110583,18714,6834
110592,18648,6768
110608,18857,6977
110617,19248,7368
110635,44007,14253
110644,44249,14495
110653,43481,13727
110662,42994,13240
110671,43607,13853
110680,44169,14415
110705,44145,14391
110714,43745,13991
110918,9810,9810
111045,7710,7710
111081,51466,51466
111188,18996,7116
111434,9006,1362
111461,7804,1156
111887,8766,1346
111896,7702,1290
111920,7912,1144
111939,8012,1172
111948,54924,54924
111966,13972,13972
112075,36740,36740
112084,32346,32346
112172,7646,1190
112190,12792,1144
112260,56475,56475
112385,6670,1150
112394,20800,20800
112561,7536,1176
112570,24495,24495
112686,5942,1142
112826,9012,1312
113096,8928,1104
113111,8008,1144
113193,8898,1338
113218,8760,1340
113236,6878,1142
113333,9526,1561
113537,13400,13400
113573,8615,1335
113582,25649,25649
113634,8564,1312
113698,46940,46940
113856,8110,1220
113980,6880,1144
114266,7994,1358
114354,32732,32732
114390,32732,32732
114433,9441,1461
114716,9528,1563
114789,7664,1304
114813,32950,32950
114859,6398,1142
114938,7214,1166
115001,6575,1175
115126,7804,1180
115296,8750,1330
115393,8960,1420
115409,58660,58660
115728,40102,40102
115755,19744,7864
115773,14580,14580
115861,6093,1125
116226,18250,18250
116439,6952,1144
116712,8500,8500
117052,7664,1304
117104,16592,16592
117140,44550,44550
117168,31600,31600
117195,8127,1224
117247,7785,1257
117274,7487,1127
117557,11230,11230
117575,16884,16884
117627,33570,33570
117645,10676,1556
117672,7150,7150
117690,7746,1220
117706,8110,1220
117715,8110,1220
117724,8110,1220
117733,8110,1220
117751,25350,25350
117788,8110,1220
117867,8110,1220
117894,8564,1312
117946,50683,50683
118347,9714,1494
118541,36134,36134
118684,7993,1423
118693,44305,44305
118718,6318,1158
118772,7785,1257
118888,30877,30877
118912,7512,1152
118930,6280,1192
118976,7536,1176
119067,7536,1176
119137,7398,1394
119164,9610,1350
119173,42792,42792
119216,10256,1406
119270,24795,24795
119331,7502,1142
119605,13320,13320
119775,28386,28386
120166,8720,8720
120184,36596,36596
120254,56576,56576
120290,7524,1164
120342,7836,1188
120403,48380,48380
120421,7398,1394
120537,33400,33400
120768,13688,13688
120838,17100,17100
120865,30813,30813
120883,49588,49588
120953,9330,1288
120971,8898,1338
121044,7552,1168
121150,55892,55892
121257,56018,56018
121275,17235,17235
121309,36950,36950
121345,54762,54762
121363,8284,1414
121619,8360,1160
121691,50980,50980
121707,6822,1182
121886,8584,1360
121901,9370,1420
122180,8928,1104
122205,9590,1330
122339,7480,1144
122375,7480,1144
122384,7480,1144
122409,19390,7510
122436,51186,51186
122454,46614,46614
122506,47560,47560
122597,19146,7266
122612,50282,50282
122658,8708,1288
122728,34950,34950
122746,9118,1362
122755,19732,7852
122791,9094,1434
122834,11658,11658
122852,11658,11658
122889,8326,1374
122931,53634,53634
122977,8840,1144
123013,8170,1324
123165,57188,57188
123217,7830,1390
123280,12860,12860
123299,6802,1186
123341,6214,1144
123457,31910,31910
123484,7348,1156
123509,9654,1464
123527,5500,1238
123554,49188,49188
123563,6607,1163
123572,19760,7880
123642,12665,12665
123651,35100,35100
123800,7472,1340
123952,45892,45892
123961,58195,58195
124113,6192,1104
124292,25600,25600
124487,9689,9689
125028,7398,1394
125091,9164,1424
125170,7785,1257
125231,12150,12150
125462,9330,1380
125471,8110,1220
125499,9434,1484
125727,46594,46594
125763,49514,49514
125897,41182,41182
126076,15700,15700
126119,7484,1124
126182,20864,9440
126207,10418,2762
126289,15009,3921
126359,12338,12338
126562,25823,9335
126580,20620,8524
126605,15530,15530
126614,38318,12500
126669,33434,33434
126678,58086,58086
126711,11172,4620
126748,6401,4018
126775,39762,19062
126818,30622,11901
126827,12529,12529
126863,14928,3840
126872,14585,14585
126942,15911,4831
127060,52515,52515
127185,19528,8872
127200,15074,3986
127389,6382,4000
127556,21619,8686
127565,21728,8151
127617,14826,3738
127653,33070,33070
127714,10080,10080
127732,7306,5072
127741,22245,9987
127778,6369,3986
127820,14930,3842
127884,16262,5179
127909,15350,4263
127918,38180,38180
127945,19670,19670
128106,21716,8407
128151,7990,4510
128258,8100,5121
128391,21908,10436
128498,33260,33260
128577,13508,4556
128586,9250,9250
128744,34760,34760
128771,24028,11068
128780,11166,8553
128902,56890,56890
129002,17220,17220
129020,39894,17226
129154,20898,20898
129215,24806,11846
129242,49830,49830
129367,13508,4556
129525,42182,42182
129534,8720,8720
129543,13438,4486
129695,13428,4476
129729,13468,4516
129756,13428,4476
129774,34050,34050
129808,13508,4556
129941,40440,40440
130004,13498,4546
130040,13458,4506
130110,17570,17570
130174,17220,17220
130183,16610,16610
130217,13458,4506
130226,49280,49280
130253,43070,43070
130314,40286,40286
130396,13448,4496
130493,24406,11446
130590,59050,59050
130606,13508,4556
130697,57334,57334
130776,24304,11344
130794,55500,55500
130907,11808,4945
130934,17294,8258
130943,35710,14280
130989,24780,24780
131098,26756,26756
131113,11480,11480
131159,49889,49889
131283,47746,47746
131399,12704,6020
131450,17038,17038
131469,56935,56935
131496,56058,56058
131520,27206,27206
131803,13515,13515
131830,10400,10400
131876,24630,24630
132408,11700,11700
132471,30014,30014
132602,14814,14814
132657,38930,38930
132693,9739,2496
132709,8952,2830
132842,12444,12444
132851,10517,2710
132879,16710,16710
132903,22467,6368
132976,11365,2909
133021,8950,3120
133386,11994,3106
133465,17014,17014
133492,46096,46096
133508,12979,3401
133526,14878,14878
133553,36868,36868
133650,17725,5785
133669,17324,4879
133702,9992,2878
133711,19500,19500
133809,17300,17300
133872,12840,12840
133881,42470,42470
133951,18963,6565
133960,13162,3276
133979,16236,16236
134079,37640,37640
134097,18786,5656
134112,14025,14025
134130,28659,6381
134237,24513,24513
134343,8633,2370
134495,9111,2506
134510,6940,6940
134608,10201,2764
134811,19354,19354
134945,38140,38140
135081,21008,21008
135160,11747,3100
135188,13336,3232
135364,8000,8000
135391,11606,3074
135522,11805,3251
135610,13920,13920
135717,9661,2838
135726,51930,51930
136145,11400,3054
136172,20793,6389
136215,32110,32110
136233,11940,3133
136330,32500,32500
136358,8732,2444
136400,12032,3155
136473,9471,2364
136516,12272,3366
136765,10398,3918
136774,47970,47970
136950,51700,51700
137032,23750,23750
137078,9286,2682
137096,9189,2563
137209,11456,3131
137272,23100,23100
137281,10347,2830
137315,11859,3165
137351,17324,6410
137476,32000,32000
137546,47630,47630
137564,26620,26620
137759,8062,2026
137777,13250,13250
137801,15100,15100
137847,29992,29992
137953,13130,13130
137962,16300,16300
138187,9383,2474
138275,22850,22850
138293,27674,27674
138309,10935,10935
138354,19241,6360
138558,10471,3565
138600,42690,42690
138655,10250,10250
138664,10130,10130
138682,5396,2996
138716,16656,5934
138761,18258,18258
138813,19354,19354
138840,5484,3084
138868,21185,21185
138901,10131,3505
138947,23144,23144
138956,5632,3232
139144,37246,37246
139153,10150,10150
139199,31084,31084
139205,18500,18500
139214,12945,12945
139250,10839,3933
139278,5452,3052
139311,16260,5538
139357,5442,3042
139366,17295,6241
139384,5462,3062
139393,35640,35640
139463,10589,3683
139579,17014,17014
139621,9488,3136
139630,20712,20712
139658,53804,53804
139700,9696,3344
139719,16494,5772
139755,33794,12682
139764,16222,5500
139861,28710,9526
139931,17518,6463
139940,24517,9286
139959,31120,12080
139968,11946,4084
139986,5526,3126
139995,11700,11700
140003,9925,9925
140012,5636,3236
140234,31540,31540
140243,6666,3666
140252,13101,13101
140331,5520,3120
140340,14200,14200
140447,37808,37808
140553,28847,28847
140678,5402,3002
140696,39580,39580
140720,16096,16096
140818,26692,26692
140827,19400,19400
140872,24300,24300
140942,5422,3022
140951,38075,38075
140960,16204,5743
140988,22370,22370
141006,6662,3662
141060,29972,29972
141167,16940,16940
141185,23184,23184
141237,21122,21122
141255,5552,3152
141264,17638,6583
141325,23970,23970
141334,17450,6395
141361,29367,29367
141486,26134,26134
141565,20752,7792
141574,34218,12186
141644,27500,27500
141680,8310,3174
141796,8420,3284
141802,8388,3252
141811,8345,3209
141839,8414,3278
141981,20544,7584
141990,8330,3194
142090,12920,12920
142115,24988,8068
142179,6222,4126
142276,24168,7872
142285,27540,8304
142294,31755,31755
142328,19978,6982
142443,8736,4960
142461,31050,31050
142522,4208,4208
142559,6840,4560
142887,35270,35270
142957,7600,7600
143048,50920,50920
143084,43610,43610
143118,25060,25060
143215,5940,6390
143279,7650,7500
143288,23510,23510
143358,34610,34610
143613,8002,7190
144005,18734,11366
144050,60552,60552
144157,11544,9216
144166,11544,9216
144175,11544,9216
144184,11544,9216
144193,11544,9216
144209,11544,9216
144218,11544,9216
144281,27756,27756
144351,32880,32880
144564,8325,8325
144740,41202,41202
144865,11820,9720
144883,22650,22650
144892,14269,11989
144944,11959,10440
144962,37754,37754
144971,27560,27560
145239,15280,15280
145336,17582,10070
145354,6896,6896
145372,27910,27910
145497,13300,13300
145521,6654,6654
145600,27566,13874
145619,34290,34290
145637,32264,15122
145646,50028,50028
145682,11340,9600
145691,33740,33740
145707,12082,10056
145725,49280,49280
145813,26356,14832
145831,11992,11032
146205,6106,5506
146278,8190,8190
146296,13410,12570
146339,29870,29870
146348,22442,12660
146366,12330,7530
146418,13530,9210
146427,48168,48168
146472,12530,9422
146481,48424,48424
146506,13756,7954
146603,12552,9552
146612,33430,33430
146667,13590,13590
146676,19000,19000
146685,9732,6576
146719,45543,45543
146755,26075,26075
146816,12700,12700
146825,28540,28540
147004,14383,11899
147013,31640,31640
147129,17560,17560
147244,37054,37054
147341,38990,38990
147369,13290,13290
147378,11436,9846
147396,17400,17400
147411,10942,8894
147536,11010,11010
147660,40040,40040
147679,31030,31030
147703,14610,14610
147767,56691,56691
147776,21161,11462
147800,12462,10446
147828,37070,37070
147916,15930,11580
148007,11064,9342
148016,30190,30190
148131,30450,30450
148256,6750,6000
148292,14820,6180
148335,29400,29400
148380,16994,9434
148405,32100,32100
148487,30876,30876
148496,34420,34420
148584,34000,34000
148627,34380,34380
148654,21338,11813
148672,11970,10860
148821,6060,5580
148876,11736,11736
148937,6240,6000
148991,11670,10590
149028,26692,26692
149222,29360,14904
149231,12219,12219
149310,14325,14325
149329,14500,14500
149365,12683,11033
149505,31175,31175
149514,33028,33028
149532,13022,10481
149639,29070,29070
149727,9860,9127
149772,13256,13256
149781,37700,37700
149842,11754,9942
150048,18600,18600
150066,31230,31230
150136,26800,10020
150145,29170,29170
150163,42360,42360
150172,19670,19670
150251,9950,9950
150400,51146,51146
150455,47380,47380
150534,37466,37466
150604,32970,32970
150668,34540,34540
150677,26262,26262
150756,38750,38750
150774,32000,32000
150941,26846,26846
150987,8661,4500
151102,20622,8589
151111,30710,9701
151263,30976,30976
151290,27440,27440
151306,19856,8546
151324,20160,9236
151333,19978,7527
151342,19978,7527
151351,36512,10947
151360,19978,7527
151379,19978,7527
151388,19978,7527
151458,13960,13960
151467,13960,13960
151777,33624,33624
151786,35000,35000
151801,27296,27296
151810,13200,13200
151962,11900,11900
152080,55553,55553
152099,24300,24300
152318,51927,51927
152336,31480,31480
152381,30500,30500
152390,43900,43900
152497,19948,19948
152530,35305,35305
152567,32810,32810
152600,41820,41820
152637,14364,6074
152673,44720,44720
152798,19052,19052
152992,32202,32202
153001,35194,35194
153108,38600,38600
153126,34670,34670
153144,45580,45580
153162,43976,43976
153214,9600,4800
153241,13440,13440
153250,31770,31770
153269,42840,42840
153278,35570,35570
153296,5832,4896
153302,18950,18950
153311,7520,5376
153320,17298,17298
153366,30420,30420
153375,30508,30508
153384,54354,54354
153427,14250,14250
153445,6334,5624
153472,5760,4320
153524,8200,5700
153533,6940,6588
153603,24508,9320
153621,31530,25424
153630,6400,6240
153658,31569,9606
153737,6512,5028
153825,35218,35218
153834,44070,44070
153861,16530,16530
153922,5232,4896
153977,18150,18150
154004,32720,32720
154013,33862,33862
154022,12400,12400
154059,7999,5603
154095,21222,8938
154101,32300,32300
154110,6660,5940
154129,6540,6240
154235,31812,31812
154262,20440,20440
154350,40666,40666
154378,5820,5670
154396,6336,6112
154493,31685,31685
154518,22352,22352
154527,43930,43930
154572,4392,4368
154590,26100,26100
154642,3080,3080
154688,29880,29880
154697,4288,3648
154712,30530,30530
154721,29565,29565
154749,29390,29390
154800,5401,3631
154855,20450,20450
154907,3570,3390
154925,4288,2720
154934,5385,3848
154952,4890,3450
154998,3690,3330
155007,7740,7740
155025,20714,6797
155052,6200,6200
155061,15360,5280
155070,20400,20400
155089,29394,29394
155098,3510,3510
155104,3810,3240
155140,480,480
155177,27690,27690
155186,3711,3711
155195,4350,3420
155201,4640,4416
155210,6690,3360
155292,6510,3300
155308,8780,8780
155317,28034,11166
155335,31906,31906
155399,26316,10440
155414,29820,29820
155423,7824,7824
155450,4160,3360
155487,6690,6690
155496,16850,16850
155511,30077,30077
155520,31786,31786
155566,4930,4930
155593,6398,6398
155627,30805,30805
155681,18682,7338
155715,4168,3684
155812,29880,29880
155830,8315,8315
155858,4640,3456
155900,31650,31650
155937,27300,27300
155973,29360,29360
156082,19456,8704
156107,7743,6776
156125,17480,8298
156189,12230,12230
156213,30952,30952
156231,14808,4368
156286,42830,42830
156295,44700,44700
156338,14808,4368
156356,23500,23500
156365,25400,25400
156392,14888,4448
156408,43000,43000
156417,9620,9620
156541,9875,9875
156620,19948,9876
156648,14808,4368
156745,39810,39810
156790,14808,4368
156851,14808,4368
156860,14808,4368
156921,14888,4448
157021,8280,8280
157030,9610,9610
157058,11940,8090
157076,27200,27200
157085,30680,12360
157100,20596,20596
157216,25350,25350
157289,27954,11928
157304,14808,4368
157331,14808,4368
157377,24850,24850
157386,13876,9290
157401,24792,9168
157438,14888,4448
157447,20256,10296
157483,14808,4368
157535,21550,21550
157553,14808,4368
157711,14808,4368
157739,14808,4368
157748,20796,20796
157757,25200,25200
157793,12870,12870
157809,32090,32090
157818,40210,40210
157863,27950,27950
157951,26496,10802
158088,8208,4098
158431,8842,4156
158477,37310,37310
158662,8368,4079
158802,19281,19281
158884,7674,4175
159009,16706,7683
159197,11156,11156
159382,14024,6669
159391,28639,11962
159407,10094,4730
159416,20481,7327
159568,17500,17500
159647,19098,10185
159656,40842,40842
159717,16140,8102
159939,13608,8772
159948,9100,9100
159966,8991,7898
159993,21074,8974
160010,2976,2976
160038,19556,8768
160065,14720,14720
160074,14145,14145
160409,19490,19490
160481,7504,3981
160524,15837,15837
160579,7692,4265
160612,20807,8329
160621,16491,9141
160630,16070,7169
160649,7650,4350
160658,24110,10382
160667,7612,4103
160755,56800,56800
160904,25055,25055
160959,43542,43542
160977,55683,55683
161004,56350,56350
161022,13855,13855
161077,6604,3784
161086,57280,57280
161138,6638,3818
161192,6637,3817
161208,24975,24975
161217,18338,8168
161226,19514,9344
161235,12585,8295
161244,15116,8036
161253,31748,11438
161299,27820,13792
161341,12620,8330
161457,38750,38750
161484,6561,3741
161509,36424,36424
161518,36720,36720
161545,6604,3784
161554,22050,9226
161563,27720,27720
161572,30000,30000
161581,7568,3784
161688,9980,8060
161767,13160,8240
161864,7394,3314
161873,21456,9096
162007,19136,8444
162061,26308,26308
162104,9480,7950
162122,8820,6870
162168,7400,5552
162210,24800,24800
162283,15361,8964
162557,9556,7228
162584,23510,9410
162609,9912,8288
162654,45250,45250
162690,8235,6405
162706,8302,6065
162760,41060,41060
162779,7440,6240
162928,55350,55350
163046,50100,50100
163204,12336,7560
163268,27662,12028
163286,36891,10779
163295,50330,50330
163338,18968,8558
163426,14034,10254
163453,18480,8008
163462,42590,42590
163532,12400,12400
163578,38340,38340
163657,8498,6050
163851,20110,10044
163912,31200,15124
163976,35635,35635
164076,24334,10198
164173,37142,37142
164216,48814,48814
164270,44540,44540
164313,7704,6240
164368,42500,42500
164447,36930,36930
164465,58640,58640
164492,38630,38630
164562,42316,42316
164580,52608,52608
164614,12600,12600
164632,35081,35081
164641,23500,23500
164720,40150,40150
164739,51830,51830
164748,45660,45660
164775,11520,5492
164872,21924,21924
164924,57910,57910
164988,55892,55892
165015,57561,57561
165024,16872,10732
165033,9962,5018
165112,9648,4704
165167,16164,16164
165194,10296,5352
165264,37713,37713
165334,47200,47200
165529,41230,41230
165574,40414,40414
165644,26568,26568
165662,49432,49432
165671,41448,41448
165699,34200,34200
165802,31992,31992
165820,16690,10610
165866,17180,11100
165884,17550,17550
165936,38650,38650
165981,11690,5570
166018,52068,52068
166027,51925,51925
166054,22490,22490
166124,54740,54740
166133,10058,5114
166391,37000,37000
166407,29620,29620
166452,28875,28875
166489,44730,44730
166513,33574,15648
166629,35710,16389
166638,35075,14613
166647,10176,5232
166656,34650,34650
166674,38400,13700
166683,53790,53790
166692,25752,10018
166823,9936,4992
166850,43340,43340
166887,12170,6098
166911,34350,34350
166939,52258,52258
166957,10588,5668
167057,50460,50460
167224,24200,24200
167260,35940,35940
167288,19875,10930
167312,10824,5256
167358,53506,53506
167376,11064,5280
167394,37000,37000
167455,31600,31600
167525,6686,6686
167534,10602,5658
167598,42650,42650
167631,10528,5224
167729,17994,11128
167783,42070,42070
167792,56901,56901
167835,54224,54224
167899,39305,39305
167905,10536,5328
167987,30103,14358
167996,44420,44420
168005,40104,40104
168148,58578,58578
168218,56052,56052
168227,34970,34970
168254,37990,37990
168263,16929,10849
168281,54568,54568
168342,57280,57280
168421,52320,52320
168430,16241,10161
168528,37809,37809
168546,48275,48275
168591,41398,41398
168607,7050,7050
168740,30158,30158
168786,33854,33854
168847,9920,9920
168883,9630,8160
169080,36300,36300
169187,14070,14070
169248,24120,12960
169275,6998,5126
169327,20550,20550
169363,30205,30205
169442,45815,45815
169479,19338,19338
169521,11810,6590
169655,12838,12838
169716,28840,28840
169734,29880,29880
169761,21100,21100
169798,13758,13758
169910,12068,12068
169974,6048,5208
169983,44380,44380
169992,7552,6653
170000,14350,14350
170037,25360,25360
170055,11409,7809
170082,18296,12860
170091,17220,17220
170240,6940,5020
170286,28368,28368
170301,35330,35330
170444,11728,9164
170532,50562,50562
170541,7862,5912
170550,9083,6611
170587,8430,6090
170620,6653,6653
170639,12255,12255
170657,10170,6930
170675,35280,35280
170790,7777,6165
170806,23100,23100
170967,23996,23996
170976,51200,15558
171100,39766,14460
171128,35196,15960
171137,26420,13304
171146,23502,12202
171155,7192,7192
171225,7340,6665
171234,11490,7530
171304,13910,10390
171395,8057,6321
171456,16751,11255
171483,10491,8280
171492,28080,28080
171535,4592,4592
171571,24710,13346
171599,28692,28692
171881,22886,22886
172033,20495,20495
172051,25401,10814
172200,7490,5384
172264,27152,27152
172291,12340,8800
172307,6999,6554
172334,29630,29630
172422,10808,7448
172440,23308,23308
172617,5688,4176
172635,3998,3263
172644,28887,13517
172671,6160,4480
172699,16041,13017
172866,18451,18451
172918,5565,5565
172954,5734,5734
172963,5207,5207
173045,39955,39955
173063,5732,5732
173115,5654,5654
173124,8940,8940
173142,28080,28080
173160,38460,38460
173203,5611,5611
173258,57111,57111
173300,41566,41566
173328,22800,22800
173416,5864,5864
173452,15870,15870
173461,5334,5334
173559,5560,5560
173638,11146,5846
173647,47040,47040
173665,42774,42774
173708,5248,5248
173735,6669,5452
173799,5485,5485
173805,6684,5467
173902,56292,56292
173911,5491,5491
173920,16730,8438
173957,5797,5797
173993,6684,5467
174020,15428,8114
174066,33325,15027
174075,12116,12116
174118,15120,15120
174127,40396,40396
174136,5545,5545
174154,14200,14200
174233,18880,13680
174251,15632,13578
174358,16586,8954
174376,4566,4566
174428,5964,5964
174437,25090,25090
174473,5715,5715
174491,32210,32210
174507,12780,12780
174525,17314,17314
174570,7974,4188
174604,6684,5467
174738,6554,6554
174747,46460,46460
174756,5538,5538
174783,16948,8656
174792,46546,46546
174817,36670,36670
174844,49710,49710
174862,26970,26970
174899,38282,38282
174914,45780,45780
175005,40984,40984
175014,10935,10935
175041,5736,5736
175078,8874,8874
175157,6684,5467
175227,23119,23119
175236,5939,5939
175263,5686,5686
175272,15766,9666
175315,5578,5578
175342,7290,7290
175421,26202,26202
175430,14100,14100
175519,3003,3003
175528,15980,15980
175573,5180,3180
175616,7671,7671
175643,5050,2950
175652,6540,3540
175786,6500,3450
175810,5990,3410
175829,5360,3160
175856,9445,8445
175883,5830,3830
175935,4258,3278
175980,41314,41314
176008,5285,3085
176017,25100,8828
176035,7525,7525
176044,6746,6746
176053,18800,18800
176071,6850,3750
176080,23950,8910
176169,7388,3976
176178,5590,3190
176239,5898,3500
176318,9900,9900
176336,6025,6025
176354,5980,3280
176372,10896,8896
176406,10861,10861
176479,12750,12750
176628,20500,20500
176664,14250,14250
176770,12600,12600
176789,11164,11164
176910,13900,13900
176947,25070,25070
176965,14715,7969
177038,14400,14400
177065,23498,23498
177083,22873,22873
177117,21760,21760
177135,4344,4344
177144,27205,27205
177214,29665,29665
177250,5880,4176
177339,24327,24327
177418,27260,27260
177436,16095,16095
177472,5864,4763
177542,23590,23590
177551,10116,5484
177676,7200,5520
177746,39200,39200
177870,4850,4850
177940,14898,7910
177968,18100,18100
177977,11595,6338
177986,6650,6650
177995,7410,5700
178004,10581,10581
178059,28470,28470
178110,11375,11375
178208,8290,8290
178217,6430,4870
178244,28220,28220
178341,13606,6803
178369,21100,21100
178387,14135,8225
178396,28348,10477
178402,24603,9915
178411,27484,9936
178420,27342,10170
178448,7050,5370
178615,15314,8120
178624,14020,8238
178679,13220,13220
178697,19660,19660
178721,11190,11190
178767,12285,12285
178891,14889,14889
179043,38760,38760
179159,45424,45424
179256,13680,13680
179265,29596,29596
179308,6645,4845
179326,24578,24578
179344,8520,4500
179450,11850,11850
179539,6000,4560
179548,22700,22700
179557,13830,7800
179566,15898,7588
179645,6570,5430
179715,6510,5580
179867,55292,55292
179894,28700,28700
179946,29490,29490
179955,34450,34450
179964,24830,24830
180054,3370,3370
180081,9380,3580
180106,36280,36280
180151,8010,5430
180160,2260,2260
180179,19257,5933
180197,12159,6377
180203,2410,2410
180212,2250,2250
180249,10310,3418
180258,26242,26242
180276,9416,3455
180328,3200,3200
180373,9165,5715
180416,22600,7440
180461,25855,7325
180489,26218,7354
180522,18665,5955
180595,29552,29552
180647,11583,6399
180692,17187,5725
180814,7851,7851
180832,14040,14040
180878,17534,17534
180902,4500,3150
180948,7586,7556
180984,33490,33490
181002,41400,41400
181020,35300,35300
181127,31560,31560
181215,13854,7752
181297,16284,16284
181303,4545,3105
181312,4140,3300
181330,34040,34040
181376,18000,18000
181394,21244,7980
181419,4080,4080
181446,35564,35564
181464,25828,9522
181491,4860,3660
181534,7704,7704
181543,7301,7301
181604,20750,20750
181640,3096,2592
181738,24620,24620
181765,5347,5347
181783,12662,7202
181817,2940,2916
181853,19310,19310
182005,10842,3652
182111,17316,17316
182148,14202,14202
182281,23342,8291
182290,23086,8034
182306,10603,3248
182458,35508,35508
182500,9956,2766
182564,10618,3428
182634,43646,43646
182670,57638,57638
182795,39100,39100
182917,24000,24000
182980,38670,38670
183026,31136,31136
183044,35409,18879
183062,23756,14568
183071,32195,15685
183080,23330,14440
183099,15500,7250
183105,15340,7090
183114,15190,6940
183123,14988,6738
183132,15340,7090
183141,15390,7140
183150,15450,7200
183211,33540,33540
183239,41800,41800
183248,22735,22735
183257,9015,7791
183275,21600,21600
183488,14832,14832
183600,5773,5773
183655,8238,6738
183743,8659,8281
183789,26500,26500
183822,30310,30310
183859,9530,8780
183877,6901,5159
183910,35740,35740
183938,4440,4440
183974,33492,33492
184180,12870,9300
184205,8820,4860
184348,40960,40960
184481,8790,8790
184603,42220,42220
184612,35000,35000
184694,44720,44720
184773,33610,33610
184782,22832,14000
184791,9720,5400
184959,15990,15990
184968,24230,24230
184995,11798,8390
185129,22220,12414
185174,21347,21347
185262,19771,12595
185509,8149,5881
185536,7128,7128
185572,39592,39592
185590,21033,13073
185679,30527,24107
185721,15305,15305
185828,33386,17674
185873,7695,5115
186034,9390,7350
186131,52800,52800
186186,11500,11500
186201,24229,14678
186283,44460,44460
186371,31500,15264
186380,32189,15407
186399,31608,14826
186432,38760,38760
186469,6960,6210
186584,43780,43780
186618,34226,34226
186645,6052,6052
186867,54014,54014
186876,21336,14048
186900,13700,13700
187046,9856,7926
187134,28901,16923
187198,10562,10562
187444,21768,13370
187532,7410,1650
187596,4070,4070
187620,5664,2160
187639,2984,1616
187648,8448,6450
187666,5616,2424
187745,5220,5220
187897,10590,6318
187903,1968,1776
187912,12654,6172
187958,4855,1932
187967,23524,8156
187976,5623,2151
187985,23292,7875
187994,5376,2424
188003,4108,2068
188021,4104,2280
188030,23076,7087
188049,5136,1878
188058,13676,4952
188100,4330,1546
188137,4605,2115
188182,16200,16200
188216,1095,1095
188225,4752,1902
188261,3204,2004
188304,13539,6306
188340,26150,26150
188429,40300,40300
188438,10578,5778
188517,17822,17822
188526,36745,36745
188641,34770,34770
188669,12625,12625
188678,36190,36190
188687,17775,17775
188696,21500,21500
188854,40444,40444
188942,7800,7800
189088,56036,56036
189097,57668,57668
189228,26500,26500
189273,9850,9850
189413,11025,11025
189547,10582,5638
189565,16662,16662
189583,17799,17799
189592,18121,18121
189705,29428,29428
189811,21352,21352
189839,10404,5560
189848,35634,35634
189857,7700,7700
190008,18540,18540
190044,51128,51128
190053,12077,6831
190099,58045,58045
190114,19828,19828
190150,61788,61788
190169,10152,5328
190248,34600,34600
190372,46700,46700
190415,57222,57222
190442,8724,5628
190451,15690,15690
190503,33690,33690
190512,15412,7462
190521,8050,5170
190530,8086,5206
190549,15390,7440
190558,15440,7490
190567,15290,7340
190585,8088,5208
190594,15332,7382
190600,15420,7470
190619,8132,5252
190628,8098,5218
190637,15360,7410
190646,15302,7352
190655,15270,7320
190664,15488,7538
190673,8090,5210
190691,15308,7358
190716,27880,27880
190725,29430,29430
190752,12750,12750
190761,29844,29844
190840,8840,4690
190956,11306,11306
190974,22850,22850
190983,35400,35400
191083,10141,5575
191126,16490,6110
191199,7657,5296
191205,23530,23530
191241,54393,54393
191302,10370,5470
191339,5440,4840
191515,56530,56530
191533,46926,46926
191612,8510,5580
191621,23450,23450
191630,57030,57030
191649,47510,47510
191676,33458,33458
191719,11062,5962
191931,40172,40172
191959,16950,16950
191968,45274,45274
191986,11140,6100
192004,12645,12645
192022,10512,5592
192040,59112,59112
192110,47370,47370
192165,10000,10000
192192,33048,33048
192271,27810,27810
192323,35230,35230
192448,38368,38368
192509,10266,10266
192624,11500,11500
192688,14100,14100
192703,44560,44560
192712,49130,49130
192749,39570,39570
192785,15600,15600
192800,10675,10675
192819,42500,42500
192864,35628,35628
192925,30450,30450
192961,13911,13911
193016,19594,19594
193052,12360,12360
193061,9450,9450
193070,11750,11750
193201,13509,13509
193247,9670,9670
193283,7798,5500
193292,32600,32600
193308,15860,15860
193326,9716,5336
193353,32772,32772
193380,12298,12298
193399,40980,40980
193478,11730,6130
193584,35641,35641
193609,16200,16200
193654,50994,50994
193900,53308,53308
193946,9823,5263
193973,34510,34510
194028,13154,6258
194091,38010,38010
194116,26322,26322
194161,25500,25500
194189,12000,12000
194222,10564,5574
194240,10972,5788
194310,46446,46446
194392,29313,29313
194499,13450,13450
194569,17150,17150
194578,53824,53824
194657,12450,12450
194666,7850,7850
194693,14050,14050
194736,8800,8800
194763,9800,9800
194824,55378,55378
194958,32494,32494
195003,45890,45890
195030,56030,56030
195058,10260,5348
195128,31883,31883
195164,35431,35431
195173,26298,26298
195191,21591,21591
195216,56765,56765
195234,33386,33386
195243,33050,33050
195289,14292,14292
195304,57520,57520
195322,9904,5212
195438,10560,10560
195474,39030,39030
195526,56322,56322
195544,29190,29190
195562,29200,29200
195702,22780,17580
195720,35150,35150
195784,17731,17731
195809,43000,43000
195988,10941,5925
196006,15477,8852
196015,12580,8650
196024,12330,8560
196033,18794,8884
196042,18448,8538
196051,18780,8870
196060,27766,10176
196079,27791,10201
196088,28194,10524
196097,27845,10175
196103,19040,9130
196112,18413,8503
196121,18590,8680
196130,18182,8472
196149,18716,8806
196158,18627,8717
196167,18837,8927
196176,18412,8502
196185,18650,8740
196194,18627,8717
196200,18621,8711
196219,18833,8923
196237,18278,8368
196246,18782,8872
196264,17515,7605
196291,18418,8508
196389,22039,22039
196413,53849,53849
196431,9800,9800
196440,6150,6150
196565,11658,6258
196583,11050,11050
196592,20550,20550
196653,18340,18340
196699,10220,5540
196866,57324,57324
197018,14000,14000
197027,1050,1050
197045,22110,22110
197133,58770,58770
197142,24370,24370
197151,41900,41900
197197,48280,48280
197221,51690,51690
197230,30900,30900
197285,22410,22410
197294,12226,5036
197531,11314,11314
197601,12800,12800
197647,12100,12100
197674,12750,12750
197692,16160,16160
197708,44900,44900
197735,10100,10100
197744,13450,13450
197814,7451,2245
197850,6603,1995
197869,22216,7409
197887,8776,2632
197911,31732,31732
197966,8662,2518
197984,18500,18500
197993,18513,18513
198011,8702,2558
198039,8795,2651
198066,30250,30250
198084,8676,2532
198109,13574,13574
198118,8666,2522
198136,34630,34630
198154,8892,2748
198206,8691,2547
198215,30520,30520
198233,7723,2347
198251,8698,2554
198260,8936,2792
198303,25480,25480
198321,8696,2552
198330,8606,2462
198367,6630,2023
198376,8732,2588
198385,53166,53166
198419,58031,58031
198455,6566,1958
198464,23515,7238
198491,8784,2640
198507,7260,3260
198516,36571,36571
198534,8688,2544
198543,16882,5274
198552,6612,2004
198561,32240,32240
198570,8848,2704
198598,18500,18500
198613,38530,38530
198622,7695,2319
198640,8752,2608
198668,8724,2580
198677,8328,8328
198695,36268,36268
198710,6542,1934
198729,8714,2570
198756,18784,18784
198774,8801,2657
198808,26625,26625
198817,8712,2568
198835,38000,38000
198862,18296,18296
198871,19120,19120
198899,34118,34118
198905,6523,1915
198914,8702,2558
198923,6534,1926
198950,38620,38620
198969,34522,34522
198987,8795,2651
199023,8681,2537
199032,27950,27950
199069,21194,21194
199087,8776,2632
199102,20167,6657
199111,24579,7231
199120,36159,8980
199139,20339,6905
199148,22562,7403
199157,19241,6534
199184,25901,9358
199193,29220,9101
199209,31650,31650
199218,21246,7181
199263,6475,1867
199272,31700,31700
199281,7490,3490
199306,31060,31060
199324,8690,2546
199333,6548,1940
199412,35720,35720
199421,8133,2373
199449,8660,2516
199458,15810,15810
199467,8786,2642
199476,8707,2563
199485,6574,1966
199494,8776,2632
199582,17890,17890
199607,30016,30016
199625,9695,2783
199634,8908,2764
199643,16480,16480
199698,27846,27846
199722,8739,2595
199731,7589,2213
199740,8817,2673
199759,10072,10072
199768,8807,2663
199786,7028,2492
199795,8507,2363
199838,6556,1948
199847,55440,55440
199856,8912,2768
199865,37364,37364
199892,8668,2524
199908,8721,2577
199926,8716,2572
199953,8716,2572
199962,35290,35290
199971,8890,8890
199999,16188,5941
200004,8277,4277
200013,10935,10935
200022,5820,4160
200059,11044,7784
200086,3870,3870
200156,22428,22428
200192,4655,4655
200208,3300,3300
200217,19074,19074
200226,9946,7049
200253,7592,7592
200280,15895,9736
200305,6222,5317
200314,6917,4883
200332,13892,9754
200341,5378,5378
200466,4010,4010
200484,17006,17006
200527,2250,2250
200554,4252,4252
200572,12120,7707
200590,10462,10462
200785,14200,14200
200800,17765,11636
200846,12789,6116
200873,7000,7000
201016,15980,15980
201061,34335,34335
201104,21980,21980
201177,18950,18950
201195,33530,33530
201283,6576,4098
201371,33736,33736
201432,13147,5159
201441,19305,11316
201469,18102,18102
201548,36872,36872
201645,50924,50924
201654,31322,31322
201672,7416,4656
201690,8726,6726
201751,12875,12875
201803,8200,8200
201821,16021,16021
201858,17638,17638
201885,26994,11660
201928,8379,4446
201946,12866,5634
201955,14808,6010
201964,21390,21390
201973,7094,3918
202046,43305,43305
202073,42006,42006
202134,15370,10825
202170,36750,36750
202222,9540,4588
202356,8136,4322
202435,14130,14130
202480,44100,44100
202514,33260,33260
202523,53830,53830
202648,8933,4874
202763,35410,35410
202806,9577,9577
202903,7150,7150
202912,15470,15470
203085,31700,31700
203128,37710,37710
203155,9570,5180
203289,14660,14660
203331,7435,4195
203368,42910,42910
203386,19047,19047
203447,14875,5999
203456,14875,5999
203465,14875,5999
203474,14875,5999
203483,14875,5999
203492,14875,5999
203517,19478,10602
203526,14875,5999
203535,58570,58570
203544,13392,13392
203580,32322,32322
203599,8845,4217
203678,8169,4085
203720,9385,9385
203739,9385,9385
203748,8081,4140
203757,24650,24650
203775,31800,31800
203845,36040,36040
203881,7142,5222
203960,15900,15900
204006,16877,6286
204015,16877,6286
204024,35937,15911
204176,14372,14372
204185,31700,31700
204194,30404,30404
204200,31200,31200
204255,10316,5156
204264,28878,28878
204422,10184,5186
204440,8210,4218
204468,30160,30160
204486,11500,11500
204501,56822,56822
204617,31680,31680
204635,33440,33440
204662,28950,7973
204671,28889,7912
204680,28889,7912
204699,28889,7912
204705,28889,7912
204796,32061,11084
204802,8666,5674
204820,8666,5674
204839,8666,5674
204848,8666,5674
204857,22406,12612
204866,8666,5674
204884,12969,12969
204893,10283,9419
204909,47130,47130
204936,32474,32474
204945,9302,5270
205027,24182,24182
205054,15857,15857
205124,13100,13100
205179,14095,14095
205203,27481,27481
205391,29507,29507
205443,14189,8265
205470,7356,4089
205559,20500,20500
205841,7286,4190
205887,16549,16549
205957,28880,28880
205966,9318,5162
206011,9452,5228
206048,26110,26110
206084,20010,10650
206154,9100,9100
206279,13256,13256
206349,33440,33440
206394,20700,20700
206437,31045,31045
206446,3902,3878
206491,13250,13250
206507,26775,26775
206525,40280,40280
206589,52000,52000
206604,18996,9578
206613,15828,6410
206622,40450,40450
206695,9639,9279
206817,14700,14700
206835,27996,27996
206862,25416,25416
206914,15870,6450
206923,7760,3818
206941,18640,7753
206996,7434,3624
207041,16412,7052
207050,8189,4572
207069,7926,5360
207157,15920,15920
207209,13840,6421
207236,13060,6910
207254,20531,20531
207263,15315,6915
207281,8880,3480
207290,11063,4913
207306,15136,8018
207324,23850,23850
207351,8008,7264
207388,24539,9019
207397,10872,5034
207403,30044,30044
207449,9810,4059
207458,32594,32594
207500,27144,11763
207564,11160,5550
207582,30070,30070
207661,15810,7470
207670,10907,4531
207722,18900,8040
207740,11430,5190
207847,15390,6750
207856,16330,16330
207865,14595,7695
207935,8845,3445
207971,42723,42723
208035,8726,4662
208275,8653,6223
208318,11619,5841
208390,12600,5175
208406,12774,5079
208415,8010,4230
208488,32230,32230
208646,21729,9084
208725,15700,15700
208822,37280,37280
209038,10590,4956
209056,52780,52780
209065,44132,44132
209074,11928,5105
209241,23368,23368
209250,9407,5159
209287,27050,27050
209409,31410,31410
209506,29637,10485
209542,31215,11715
209551,36615,12720
209603,40375,40375
209612,46402,46402
209746,9418,4558
209807,28410,9579
209825,47818,47818
209922,58440,58440
209940,5616,4716
210076,14597,14597
210146,26814,10479
210155,6161,6161
210234,6075,5625
210270,5725,5101
210304,18660,18660
210331,33040,33040
210401,52290,52290
210429,27678,9768
210492,24471,24471
210571,25642,25642
210605,11605,8125
210669,49260,49260
210739,38700,38700
210775,36350,36350
211024,26082,26082
211079,17790,12180
211088,44440,44440
211158,22782,10958
211273,54440,54440
211291,58196,58196
211307,13298,9098
211343,11100,8100
211352,32845,32845
211361,15726,11108
211431,30528,30528
211440,57119,57119
211468,40374,40374
211477,18714,18714
211556,38738,38738
211583,37200,37200
211608,16170,10904
211644,16078,11199
211893,2900,2900
211927,13400,9560
211981,40620,40620
212009,56523,56523
212045,18240,18240
212054,54516,54516
212106,39992,39992
212115,24482,11476
212133,33854,33854
212160,15002,10574
212197,32000,32000
212434,14839,14839
212452,8392,8392
212577,58800,58800
212601,33226,33226
212656,28190,28190
212674,56390,56390
212805,18470,18470
212832,34580,34580
212869,25000,25000
212878,9585,8085
212911,56952,56952
212975,12594,12594
212984,31040,31040
212993,21990,21990
213011,27350,27350
213020,19107,13354
213163,12779,12779
213233,19745,19745
213251,47075,47075
213303,26720,26720
213321,38724,38724
213349,15166,11058
213358,29464,29464
213367,31650,31650
213376,16130,16130
213385,55752,55752
213400,26170,26170
213473,11400,11400
213507,44910,44910
213525,11160,7710
213543,55240,55240
213598,17468,11266
213613,20702,10878
213622,15545,15545
213659,14370,10020
213668,41851,41851
213774,18022,18022
213783,13162,10596
213826,35904,35904
213914,15100,15100
213987,40170,40170
213996,36120,36120
214023,12097,12097
214041,22220,12250
214069,34560,34560
214111,14970,10350
214148,43082,43082
214157,45312,45312
214166,23680,23680
214175,54600,54600
214272,32960,32960
214379,14460,9780
214476,19630,19630
214582,13635,13635
214591,24916,15206
214625,22302,13710
214634,21774,13350
214643,22186,13594
214652,23466,14476
214670,23466,14476
214689,24916,15206
214698,22302,13710
214704,24916,15206
214713,24916,15206
214731,23466,14476
214740,22302,13710
214759,22302,13710
214768,23466,14476
214777,35514,18450
214786,22302,13710
214795,22302,13710
214801,23720,14532
214810,23466,14476
214829,23466,14476
214883,15060,15060
214892,17313,17313
214971,40376,40376
215053,26600,26600
215062,57770,57770
215105,46680,46680
215114,28918,28918
215132,25000,25000
215239,13896,9264
215266,25626,14158
215275,25616,14148
215284,25624,14156
215293,33746,19718
215309,21946,12006
215381,21789,21789
215415,16632,16632
215442,32750,32750
215585,10770,9750
215594,10635,10635
215637,23550,23550
215655,31200,31200
215682,15125,15125
215691,20500,20500
215743,38170,38170
215770,46550,46550
215798,36510,36510
215929,45790,45790
215947,36856,36856
215974,15545,15545
215983,16216,16216
215992,10645,10645
216010,21586,13544
216038,14615,10507
216047,21913,21913
216083,17079,17079
216278,49180,49180
216287,54656,54656
216296,8250,8250
216311,9450,9450
216339,29882,16970
216357,32596,32596
216366,41866,41866
216418,13157,13157
216436,17792,17792
216445,17758,17758
216454,17800,17800
216524,53610,53610
216542,22000,22000
216551,30975,30975
216597,55280,55280
216667,49338,49338
216694,25570,25570
216764,22245,10421
216773,10461,10461
216782,20458,20458
216807,37300,37300
216825,13578,9588
216852,47328,47328
216931,37622,37622
216940,27570,27570
217013,25300,25300
217040,9600,9600
217059,20885,20885
217156,58404,58404
217165,45395,45395
217235,33404,33404
217305,30840,30840
217402,52438,52438
217420,23043,9578
217475,12544,4700
217484,31686,14566
217493,52860,52860
217518,36978,36978
217536,41450,41450
217606,13080,13080
217615,6880,5186
217624,13340,13340
217633,29230,29230
217688,26000,26000
217712,10396,5452
217721,16600,16600
217749,19100,19100
217776,25516,25516
217819,33269,12939
217837,7350,4734
217864,35876,12620
217873,17192,17192
217882,38550,15558
217891,10020,10020
217907,30196,30196
217925,24000,24000
217934,19890,19890
217961,19890,19890
217989,11055,5647
217998,36510,36510
218025,6908,5036
218043,10650,10650
218061,21544,11160
218070,50844,50844
218113,9410,5186
218140,8620,5356
218229,21300,11700
218238,26300,26300
218353,13812,5916
218399,14326,14326
218414,27400,27400
218441,21120,21120
218487,7370,5594
218520,6593,5315
218539,39460,39460
218645,21218,10760
218654,21776,10730
218663,33928,12688
218672,18238,7558
218681,18238,7558
218690,18238,7558
218706,18238,7558
218724,27394,11640
218733,21750,11060
218742,23060,11558
218821,17310,17310
218830,9582,5886
218858,8753,6402
218885,10040,5792
218894,8690,5143
218919,12630,12630
218955,8400,4608
218964,30136,15806
218973,45710,45710
218991,10309,5365
219000,33960,33960
219046,12155,9009
219082,12606,9536
219091,28750,28750
219143,5514,5514
219189,6944,6944
219198,28126,28126
219204,15000,15000
219213,15000,15000
219259,11821,8750
219277,2684,2684
219295,21375,21375
219347,15080,10770
219356,12589,9114
219374,3154,3154
219383,18910,18910
219408,4510,4510
219426,6448,6448
219471,12807,9332
219480,8254,8254
219505,12474,12474
219602,13847,8303
219639,12332,12332
219709,35650,35650
219718,17010,17010
219790,27900,27900
219806,28900,28900
219824,15727,4063
219833,33840,33840
219879,16914,4338
219888,17788,4582
219949,24000,24000
219976,33424,33424
220002,18400,18400
220057,16914,4338
220075,27406,9259
220118,10690,10690
220181,22132,22132
220206,19582,19582
220215,22950,22950
220400,16900,4324
220464,11158,11158
220473,16920,16920
220516,30616,30616
220552,17025,17025
220598,11790,11790
220604,11196,11196
220613,18770,18770
220631,22740,22740
220701,24900,24900
220710,35578,35578
220862,13752,9912
220978,27742,9070
221096,16920,4344
221184,16870,4294
221351,49198,49198
221397,17758,4652
221485,16928,4352
221519,46472,46472
221643,16608,4378
221661,22520,22520
221731,25150,25150
221740,25774,9656
221759,31664,13264
221768,15788,9748
221838,21732,9012
221847,24798,8934
221892,26098,26098
221908,16926,4350
221953,24860,24860
221971,33750,33750
221999,52070,52070
222053,16908,4332
222062,17198,4327
222105,9870,9870
222178,36300,36300
222567,3938,2786
222576,4704,3168
222822,5730,4380
222831,17765,7637
222877,14370,14370
222938,19354,19354
222983,41155,41155
222992,13020,10830
223117,6900,6900
223232,47364,47364
223320,4943,4493
223427,8136,4296
223463,15633,15633
223472,14900,14900
223506,4727,3297
223524,5220,3330
223773,5220,3330
223816,7050,3390
223898,4800,4800
223922,5010,4080
224004,32860,32860
224110,7080,4560
224147,20101,9272
224226,30320,30320
224244,19086,19086
224271,11870,11870
224323,42680,42680
224350,5441,4275
224527,27210,27210
224545,20025,7536
224554,21628,8958
224572,5220,3330
224615,5220,3330
224642,4858,3010
224776,19354,19354
224891,4388,4118
224961,4600,2650
225070,5162,3782
225247,30140,30140
225308,5970,4920
225371,3382,2982
225399,33450,33450
225414,20746,7310
225423,5268,4152
225432,16916,6788
225502,16909,6781
225511,21749,9221
225520,5420,3970
225548,29198,29198
225575,14346,14346
225627,32576,32576
225876,8000,8000
225885,11720,11720
225991,17526,17526
226019,5160,3960
226091,18622,8494
226107,13320,3192
226116,16991,4331
226134,5748,4500
226152,18666,7348
226204,4302,3762
226231,31270,31270
226383,23330,23330
226408,3873,2973
226471,29700,29700
226578,3990,3990
226587,28099,28099
226806,5550,4290
226833,11551,9601
226879,14515,14515
226930,5220,3330
227146,6222,4452
227182,5564,4244
227191,5220,3330
227216,21172,11044
227225,6269,4829
227304,4302,3384
227331,29218,29218
227368,18260,8132
227377,4948,3748
227386,4368,3432
227401,5430,3930
227429,9125,9125
227526,25654,10786
227687,6215,4865
227748,16757,16757
227757,49112,49112
227766,5220,3330
227845,47440,47440
227854,14220,6690
227863,31460,31460
227881,18664,8536
227924,14220,6690
227979,5040,3240
228042,30470,30470
228149,32140,32140
228158,4088,3704
228246,56560,56560
228316,5886,4062
228325,19834,19834
228343,43560,43560
228431,18972,8844
228459,22397,10581
228468,22188,22188
228486,8131,8131
228501,21557,8806
228529,17621,7851
228547,8235,3402
228608,6120,4200
228699,4972,3652
228705,24687,9136
228723,38602,12153
228769,28129,11040
228778,38326,10824
228787,38168,13442
228796,24524,9161
228802,22752,8742
228875,49250,49250
228884,10000,10000
228981,30860,30860
229018,7506,6666
229027,20263,8262
229063,21833,9173
229115,19260,9300
229160,31816,31816
229179,18055,7926
229267,44680,44680
229355,5482,4762
229504,5800,4240
229540,4392,3624
229780,22658,22658
229799,6100,4330
229814,9541,8135
229832,5160,4200
229841,4824,3576
229887,12522,12522
230038,5790,5790
230047,5720,5720
230056,16956,16956
230171,15792,5496
230366,14880,14880
230418,3440,3440
230597,12876,3836
230603,20586,6770
230621,14585,14585
230630,14585,14585
230728,23042,8402
230737,16570,5820
230746,12460,3929
230764,27220,8615
230782,15969,5986
230807,34984,34984
230816,55950,55950
230834,29150,12470
230852,41828,41828
230861,13398,6654
230889,17084,17084
230913,26126,12422
230940,27485,27485
230959,56216,56216
230977,22200,22200
230995,41496,41496
231059,47045,47045
231095,39020,39020
231165,28588,15292
231174,43690,18802
231411,13200,13200
231420,35600,35600
231536,11367,5364
231554,27036,27036
231581,36600,36600
231624,46854,23628
231651,18620,18620
231697,10841,4838
231712,27790,14924
231785,17814,17814
231837,23432,11350
231873,10713,4710
231882,10728,4725
232016,15887,15887
232025,35100,35100
232043,38230,38230
232052,10803,4800
232089,35365,35365
232186,36024,12564
232195,10916,4913
232256,46890,46890
232265,28024,28024
232308,40010,40010
232414,11001,4998
232423,29106,12206
232450,10803,4800
232557,22747,22747
232566,29480,13520
232575,10742,4739
232609,40690,40690
232618,12325,12325
232672,31110,31110
232681,29696,13270
232706,33330,33330
232788,10713,4710
232797,8208,8208
232867,10699,4697
232919,15401,15401
232937,20790,9622
232946,11693,5610
232982,30840,10680
233019,10723,4720
233037,10733,4730
233082,15640,15640
233116,10793,4790
233277,23432,11350
233295,42550,42550
233301,41131,41131
233310,10823,4820
233329,15508,15508
233338,21810,8100
233374,54690,54690
233408,17610,17610
233426,45559,45559
233541,33180,33180
233602,10130,10130
233611,17280,17280
233639,10698,4695
233648,10706,4703
233684,13515,13515
233718,22020,22020
233754,10809,4806
233772,11564,5561
233897,28661,10252
233903,11508,4800
233921,32835,13691
233949,11358,5355
234030,35904,14596
234076,50900,17798
234085,45962,19118
234137,9000,9000
234155,20909,9154
234164,17861,17861
234173,36860,36860
234207,54830,54830
234377,10728,4725
234669,9246,3866
234696,4807,3834
234711,4830,4381
234827,23954,8273
234845,4991,4542
234933,9258,3879
234951,5740,5740
234979,7294,5613
235024,33360,33360
235097,25057,7526
235103,9369,4017
235149,9261,3881
235167,27537,8217
235237,4483,4041
235316,45140,45140
235334,9576,4204
235343,4584,4141
235422,18029,18029
235431,4576,4127
235671,15527,6497
235699,9797,4418
235750,4398,3942
236072,4625,4625
236133,32960,32960
236188,4361,3880
236230,43674,43674
236258,4550,4126
236328,51740,51740
236382,6016,5567
236452,38560,38560
236504,4717,4717
236513,3779,3779
236577,45078,45078
236595,46590,46590
236610,6744,3981
236638,6884,4000
236656,9923,4592
236692,4881,3634
236708,4881,3634
236753,9862,4419
236887,6200,4700
236896,28881,28881
236939,26419,11841
236948,38166,11465
236975,4630,4208
237011,24690,8343
237039,10095,4650
237057,53820,53820
237066,44940,44940
237109,4729,4285
237118,29220,29220
237136,15162,15162
237172,5470,5470
237181,30666,30666
237215,14352,7488
237312,31400,31400
237330,18037,8385
237358,29630,29630
237367,16814,7738
237385,8818,7308
237437,9000,9000
237525,19266,8412
237552,21050,21050
237598,8215,8215
237640,21900,21900
237686,8642,3890
237701,11544,4536
237783,16700,16700
237792,18224,7784
237817,6184,4084
237899,17691,8237
237932,15930,7990
237950,18912,7560
237969,31944,31944
237987,13533,13533
237996,13210,13210
238014,11595,4155
238032,25320,8976
238078,29290,29290
238193,29456,29456
238263,6622,4482
238324,21760,21760
238333,51532,51532
238397,6797,4440
238430,31798,31798
238458,32850,32850
238476,45100,45100
238616,30352,30352
238661,30600,30600
238722,6688,4640
238759,6575,4527
238980,29880,29880
239008,6389,4341
239017,49122,49122
239071,16660,16660
239080,27950,27950
239105,43936,43936
239220,6609,4561
239248,6706,4658
239309,38550,38550
239318,42162,42162
239372,5885,4440
239390,31160,31160
239442,6660,4440
239460,5247,3609
239488,6625,4577
239512,37516,37516
239628,45113,45113
239716,39529,39529
239743,29600,29600
239910,6481,4433
240107,28650,28650
240116,6481,4433
240125,6610,4516
240170,6488,4440
240189,16416,7695
240198,6888,4704
240268,17115,8840
240277,16091,7873
240329,17946,9127
240338,30850,30850
240365,15229,7656
240374,15691,7421
240392,14200,14200
240417,17430,9463
240426,15705,8132
240444,37785,10725
240453,21168,9526
240462,15473,7353
240471,15610,8037
240480,16980,8270
240505,9774,3834
240514,10140,4200
240596,10050,4110
240620,10373,4433
240657,10210,4270
240666,10110,4170
240693,9870,3930
240727,18151,5581
240736,4250,3950
240745,4614,3414
240754,12860,5804
240790,5520,4038
241100,6365,6365
241128,6365,6365
241146,7106,7106
241191,7250,7250
241216,7500,7500
241225,6260,6260
241304,6600,6600
241331,7434,7434
241377,5542,5542
241386,5542,5542
241395,5478,5478
241410,5580,5580
241517,8616,8616
241614,4524,4524
241720,2370,2370
241739,5820,5820
241766,3850,3370
241836,6200,6200
241951,5622,3462
242042,1125,1125
242112,6635,6635
242121,5818,5818
242130,7010,7010
242149,7010,7010
242556,993,993
242565,1130,1130
242583,1105,1105
242617,6012,6012
242626,5974,5974
242635,5986,5986
242644,5974,5974
242653,8796,8796
242662,5986,5986
242680,6012,6012
242699,5974,5974
242705,6012,6012
242972,6675,6675
243081,19212,10812
243106,6752,4768
243115,6162,4178
243133,6039,4142
243142,8743,6292
243151,6192,4208
243179,6192,4208
243188,6182,4198
243197,6152,4168
243212,6182,4198
243221,6162,4178
243346,5820,5820
243443,6000,6000
243568,6597,6597
243577,8640,8640
243586,5478,5478
243601,5820,5820
243638,4750,4750
243647,3610,3250
243665,14496,5235
243744,53529,53529
243780,28794,9992
243823,15564,15564
243832,6200,6200
243841,7010,7010
244233,14539,14539
244437,9712,3360
244446,5588,3188
245421,11375,11375
245430,11375,11375
245625,6090,5490
245652,35755,35755
245777,8600,8600
245953,18838,18838
246354,14220,6690
246813,4922,2794
247065,13295,13295
247153,29880,29880
247603,8760,7080
247649,59100,59100
247773,7400,7400
247834,5014,3004
247940,14808,4368
248934,16639,16639
249609,13530,13530
250027,10645,10645
250285,16757,16757
250744,21100,21100
251260,8730,4800
251312,17014,17014
260372,4590,4590
260789,14354,14354
260813,19286,19286
260992,18475,18475
261861,12292,12292
262031,5520,4152
262086,12440,12440
262129,29944,6916
262165,8586,8586
363439,19500,19500
363633,2426,1298
363712,8300,8300
363907,5542,5542
363916,5542,5542
363934,17322,17322
364016,7854,2070
364025,7854,2070
365204,15680,15680
366003,6900,6900
366252,24510,17160
366261,13363,13363
366340,2645,2645
366395,11522,6052
366401,7932,1164
366465,5540,3140
366535,15373,15373
366553,13716,13716
366711,19597,7717
367103,9890,9890
367361,10010,10010
367459,4432,4072
367884,14300,14300
368443,18900,18900
368452,17800,17800
368911,5527,3127
369455,21800,21800
369516,15400,15400
372329,14040,14040
372921,14255,14255
372958,16614,16614
375230,9500,9500
375416,15364,15364
376224,8616,8616
376321,7200,7200
376330,10246,10246
376695,5120,4900
377111,15112,15112
377449,15887,15887
377458,16637,16637
377546,18100,18100
377555,38091,11390
377564,38340,11639
378576,9791,9791
380359,3320,3320
380368,5461,5461
380377,4840,4840
380438,14880,14880
381732,10830,10830
382911,14410,3970
382957,13557,13557
383190,8340,3204
383950,15980,15980
383996,2500,1708
384254,40880,40880
384333,7854,2070
384342,13740,9240
384412,9990,9990
384421,11950,11950
385503,28552,28552
385619,18320,18320
386153,9700,9700
386472,14200,14200
388520,9870,6955
392354,8000,8000
392840,24750,24750
395362,7304,1112
399212,8354,1154
399869,18390,18390
399911,33982,33982
400558,6715,6715
401223,6440,6440
402776,22588,22588
403469,12082,10056
403478,12082,10056
403487,12082,10056
404338,14360,14360
404426,9324,2930
404806,6600,6600
404994,12728,12728
405058,10300,10300
405854,14600,14600
405872,8358,6318
406547,14539,14539
407009,26548,10268
407610,4010,4010
408729,10645,10645
408844,13688,13688
409315,7830,4440
409698,19023,7143
412599,15399,15399
413413,14540,14540
413617,6200,6200
413626,4198,4198
414461,9618,9618
414595,10517,10517
414823,33404,33404
414878,9576,9576
414911,11640,8310
417327,14696,14696
417734,12177,12177
417752,9180,9180
417886,18498,18498
417910,18755,18755
418126,14226,14226
418223,13700,13700
418782,7601,7601
419031,3900,3900
419183,9895,9895
419341,14575,14575
419703,7601,7601
419712,7601,7601
419721,7601,7601
420024,16637,16637
420042,9552,9552
420325,7500,7500
420398,14220,6690
420431,5462,3062
420440,6450,3630
420538,4464,2904
420556,9288,4572
420574,26548,10268
420723,4716,3996
421708,15841,15841
421832,16600,16600
421841,33561,33561
421878,21225,21225
423652,8640,4716
425986,15301,15301
426314,9912,9912
427973,16757,16757
427982,16637,16637
428000,19400,19400
428170,20246,20246
428392,6999,4425
429128,7124,7124
430184,13515,13515
430485,27700,27700
430670,15022,9172
430883,11515,11515
430935,6660,6660
431123,10395,10395
431600,15545,15545
431929,7678,7678
431983,9850,9850
432384,14354,14354
432524,25770,25770
433004,23329,23329
433174,14812,14812
433387,6670,6670
433420,31716,31716
433536,14200,14200
433660,25162,6118
434016,5140,5140
434061,7810,4205
434432,16750,16750
434539,14539,14539
434584,4300,4300
434672,10464,7292
434751,4232,4232
434900,7495,7495
434937,10600,10600
436304,8123,4079
436553,7275,7275
436599,20520,20520
436614,11850,11850
436818,37306,14638
436827,37306,14638
436836,37316,14648
437097,9450,9450
437103,8299,4221
437750,16844,16844
438151,14585,14585
438498,15135,15135
438586,12768,12768
438708,6936,3552
438735,16757,16757
438869,14182,14182
439145,4590,4148
439190,9435,4055
439288,33404,33404
439455,27036,27036
439613,12400,12400
439701,15450,15450
439738,14889,14889
439792,15411,15411
439862,5428,5428
439899,8756,8756
439969,10873,10873
440059,16657,16657
440271,17213,17213
440396,13150,13150
440402,4305,2913
440651,7370,7370
440749,6075,6075
440758,15000,15000
440776,9890,9890
440794,22756,22756
440819,19400,19400
440828,30558,10638
441070,2210,2210
441229,18600,18600
441487,17546,17546
441496,16757,16757
441511,5100,5100
441609,13750,13750
441636,14338,14338
441690,4220,4220
441706,6585,6585
441760,13730,3602
441788,16757,16757
441900,18162,5663
441937,18682,6802
441982,55500,55500
442356,29320,29320
442383,12874,12874
442435,10850,10850
442523,8214,8214
442569,8280,8280
442639,9990,9990
442718,15000,15000
442781,932,932
442842,6880,6880
443049,8550,8550
443058,6870,6870
443331,35110,35110
443340,14350,14350
443377,17933,17933
443410,32600,32600
443492,11704,4938
443562,6330,6330
443599,11280,11280
443696,9890,9890
443748,15498,15498
443766,13515,13515
443784,13515,13515
444194,6975,6975
444219,8928,1104
444255,19000,19000
444398,6480,6480
444413,9500,9500
444565,16625,16625
444583,13036,13036
444671,6840,6840
444778,10670,10670
444954,10392,4182
445027,11965,11965
445133,14640,14640
445188,43292,13538
445203,15664,15664
445249,14818,14818
445267,6550,6550
445461,15100,15100
445692,24750,24750
445708,33404,33404
445744,17419,17419
445762,16757,16757
446048,21854,21854
446109,15330,15330
446127,12959,12959
446163,9750,9750
446233,15950,15950
446251,8680,8680
446349,8046,8046
446385,25650,25650
446394,5400,5400
446455,15662,15662
446516,6397,6397
446525,33199,33199
446598,10566,10566
446604,13000,13000
446613,5446,5446
446640,23900,23900
446677,14585,14585
446774,7464,4128
447050,6480,6480
447263,12763,12763
447421,14880,14880
447458,23399,23399
447582,6900,4372
447689,16744,5762
447847,22828,22828
447935,13025,13025
447953,10604,10604
448354,21225,21225
448594,9330,1380
448600,16549,16549
448673,10935,10935
448752,14585,14585
448761,14585,14585
448840,16736,5821
448859,17834,17834
448886,29428,11338
449038,13515,13515
449083,13052,13052
449092,13052,13052
449135,7495,7495
449339,7324,7324
449348,4560,4560
449384,31554,31554
449524,12130,12130
449612,14575,14575
449658,6900,6900
449700,17120,17120
449764,20250,20250
449870,12956,12956
449898,17014,17014
449931,11820,11820
450058,28009,28009
450067,14523,14523
450298,13515,13515
450377,13515,13515
450571,10935,10935
450933,5655,5655
450979,9240,9240
451370,10900,10900
451398,12250,12250
451404,10200,10200
451556,16000,16000
451635,10375,10375
451671,16501,5587
451741,8616,8616
451750,18398,18398
451820,19354,19354
451857,14811,14811
451866,15642,15642
451875,15000,15000
451909,15511,15511
451927,27922,27922
452106,1040,1040
452124,16384,16384
452373,13295,13295
453163,13515,13515
453215,13515,13515
454184,37690,37690
454227,19900,19900
454236,19375,19375
454245,19375,19375
454458,15433,15433
454582,12316,12316
454616,19656,19656
454829,3920,3920
454865,14908,14908
455114,7344,4336
455257,10100,10100
455479,14127,14127
455512,6380,1124
455558,21980,21980
455628,13326,13326
455664,21934,21934
455770,31846,31846
455974,10695,10695
456454,14537,14537
456481,12945,12945
456490,12630,12630
456621,13515,13515
456959,12944,12944
456977,13052,13052
457129,19375,19375
457226,9300,9300
457402,9315,9315
457411,16757,16757
457484,11300,11300
457697,6000,6000
457925,11900,11900
458034,11200,11200
458113,8420,8420
458140,16050,16050
458210,26645,26645
458229,35110,35110
458380,21100,21100
458496,19354,19354
458681,14674,14674
458885,13515,13515
458919,13515,13515
458955,13515,13515
458964,13515,13515
458973,13515,13515
458982,19354,19354
459204,35284,35284
459259,17014,17014
459268,17014,17014
459310,23000,23000
459417,15900,15900
459727,14600,14600
459842,14200,14200
459851,14200,14200
459949,21877,8864
459994,13515,13515
460020,14920,14920
460075,6330,6330
460349,13365,13365
460376,10328,10328
460385,19255,19255
460394,9370,1420
460464,9370,1420
460482,21100,21100
460677,7010,7010
460756,26037,26037
460783,12768,12768
460871,19375,19375
460899,14585,14585
461014,14973,14973
461023,7995,7995
461032,5300,5300
461148,32542,32542
461157,30300,30300
461281,10480,10480
461315,4400,4400
461528,6100,6100
461759,6390,6390
461795,9900,9900
461847,10150,10150
461883,11372,11372
461953,17354,17354
462354,27200,27200
463056,37296,14628
464226,29975,29975
465812,14585,14585
466161,15000,15000
466189,15000,15000
466921,19375,19375
466930,19375,19375
469416,7495,7495
474863,10800,10800
474890,14585,14585
474906,14585,14585
475121,13594,13594
475130,14147,14147
475237,8000,8000
475398,8405,8405
475422,12240,12240
475477,14539,14539
475565,8074,5194
475608,11552,11552
475635,23220,23220
475732,19375,19375
475741,19375,19375
475839,9060,9060
476355,19400,19400
476601,13000,13000
476692,10750,10750
476717,10260,10260
476975,8400,8400
477039,19865,19865
477950,14585,14585
477996,15000,15000
478014,15000,15000
478634,14585,14585
479956,13988,13988
480073,17014,17014
480091,14834,14834
480189,19120,19120
480198,6000,6000
480204,14354,14354
480499,5250,5250
480569,12240,12240
480657,10935,10935
480781,8994,8994
480967,6600,6600
480985,7605,7605
481058,3120,3120
481155,13460,13460
481207,15100,15100
481225,7902,7902
481401,6480,6480
481410,11300,11300
481438,12500,12500
482149,24210,8832
482158,11389,4042
482185,21750,21750
482228,6260,6260
482255,16757,16757
482325,15000,15000
482370,15000,15000
482413,18361,18361
482422,17803,17803
482431,17990,17990
482440,18136,18136
482459,18083,18083
482468,17819,17819
482477,17798,17798
482486,17620,17620
482538,17800,17800
482547,17741,17741
482556,18139,18139
482565,18774,18774
482574,17931,17931
482608,18069,18069
482617,18248,18248
482635,17962,17962
482653,18023,18023
482680,13776,4744
482699,9662,3360
482936,4940,4940
482990,15841,15841
483018,37143,37143
483036,17157,7029
483045,5442,3042
483124,19398,10806
483212,7612,4158
483504,21100,21100
483586,13250,13250
483595,11965,5960
483647,21400,21400
483780,14000,14000
484473,16580,3876
484613,9552,9552
484631,9552,9552
484710,9552,9552
484756,9552,9552
484835,8616,8616
484871,9000,9000
484905,21811,9140
484932,10960,4864
485111,6525,6525
485263,14585,14585
485272,23241,23241
485458,4906,2759
485546,10565,10565
485698,20572,20572
485768,10800,10800
485856,12625,12625
485999,10050,10050
486017,7900,7900
486026,10750,10750
486053,6560,6560
486123,19800,19800
486196,10350,10350
486239,10400,10400
486257,6770,6770
486284,14600,14600
486354,8907,8907
486424,16325,16325
486488,19900,19900
486558,16757,16757
486576,7600,7600
486594,7490,7490
486840,17710,6456
486901,34650,34650
486938,19375,19375
486947,19375,19375
486956,19375,19375
486965,40100,40100
487092,53804,53804
487162,5402,3002
487302,14045,14045
487311,13689,13689
487320,10191,5877
487375,19962,19962
487384,16684,16684
487418,16684,16684
487445,16684,16684
487524,18940,18940
487603,15600,15600
487658,21750,21750
487746,8750,8750
488031,6258,6258
488068,6685,6685
488077,9440,9440
488101,11500,11500
488305,9980,9980
488314,12350,12350
488350,8800,8800
488448,30240,30240
488679,9743,9743
488730,14220,6690
488776,16634,16634
488785,25300,25300
488846,1000,1000
489201,7664,1304
489256,11065,11065
489344,19375,19375
489353,19375,19375
489414,10450,10450
489779,14358,8037
489937,11900,11900
490045,7820,7820
490054,19404,19404
490063,5913,5913
490081,5500,5500
490124,32093,32093
490133,8700,8700
490203,17760,17760
490230,5360,5360
490276,14175,14175
490285,14040,14040
490319,9075,9075
490346,13620,13620
490504,9725,9725
490513,10650,10650
490805,14495,7812
490878,14354,14354
490975,16580,16580
491057,11360,11360
491446,8050,8050
491525,6140,6140
491570,28100,28100
491613,9850,9850
491622,12150,12150
491631,10066,10066
491640,8650,8650
491710,7850,7850
491765,10950,10950
491817,11665,11665
491914,9050,9050
492069,7640,7640
492476,11008,6200
492759,19375,19375
492801,7238,7238
492962,10224,10224
493363,4890,4890
493479,19576,19576
493488,16383,16383
493512,13185,13185
493521,8415,8415
493594,7850,7850
493600,18000,18000
493619,14030,14030
493646,8300,8300
493664,12380,12380
493707,8650,8650
493716,13000,13000
493798,11200,11200
493813,21140,21140
493822,10112,10112
494162,19962,19962
494171,19962,19962
494269,6075,6075
494278,6200,6200
494287,6200,6200
494436,15304,15304
494463,11000,11000
494560,2700,2700
494597,1520,1520
494603,8980,8980
494630,7465,7465
494685,5556,5556
494737,19500,19500
494755,12675,12675
494764,16657,16657
494807,19212,10812
494843,15061,15061
494852,16549,16549
