"UNITID","ROOMAMT","ROOMCAP"
100654,3682,3220
100663,7767,2982
100724,3346,2491
100751,5900,8548
100830,4580,1200
100858,8104,4776
100937,7200,1358
101189,3925,704
101295,2800,180
101453,4740,35
101480,3800,2512
101541,6140,248
101569,3000,168
101587,4760,1019
101602,4200,92
101675,4182,865
101693,5400,600
101709,6695,1337
101879,3780,2266
101912,4692,1205
102049,5970,2375
102076,2250,89
102094,4100,3406
102234,7108,1137
102270,3404,502
102368,3300,1971
102377,4540,1651
102429,1450,88
102553,6300,991
102614,5050,1182
102632,5200,357
104151,7990,13148
104160,2240,343
104179,8050,7579
104346,2900,250
104586,6882,1358
104717,5000,13150
105297,1280,281
105330,5696,10144
105589,6990,104
105899,4700,518
106245,5180,1395
106263,7560,177
106306,4738,470
106342,5410,589
106397,7290,6234
106412,4600,1637
106467,4519,2496
106485,3365,767
106704,3948,3725
112127,4980,65
112251,9588,304
112260,9300,1236
112394,11990,200
106810,2800,145
107044,3764,3218
107071,4300,1989
107080,6320,1119
107512,4000,1528
107549,3200,16
107558,3500,671
107600,5192,635
107743,2120,52
107983,4184,2241
107992,4000,151
108092,5253,940
108232,11740,1284
108852,12015,148
109785,6136,2783
110097,6300,2743
110361,6330,3600
110370,11221,544
110398,15548,330
110404,9615,1547
110413,7590,1517
110422,8718,8425
110486,9000,496
110495,6970,730
110510,6606,1876
110529,10158,3710
110538,7780,2323
110547,10360,712
110556,5121,1139
110565,12174,2046
110574,8920,1666
110583,7994,2739
110592,8725,1060
110608,7054,3303
110617,7629,2175
110699,14737,1921
110918,4950,4
111081,6840,425
111188,6038,933
111948,10400,3714
112075,6840,936
113698,8530,545
113704,600,26
114433,5350,244
114840,15360,263
115409,10234,906
115728,7016,440
115755,6638,2058
116846,7644,176
117052,3878,140
117140,7380,1002
117168,10300,56
117195,6750,30
117274,3000,108
117575,6570,22
117636,4280,510
117751,6320,721
118888,6408,613
119270,12000,165
120166,5600,80
120184,9312,477
120254,9124,1639
120537,6120,326
120795,7992,121
120865,4860,1200
121257,10060,840
121345,9956,1554
122409,11893,7757
122506,13100,242
122597,9656,4046
122603,6360,80
122612,10470,2560
122728,6000,624
122755,9060,4059
123165,9584,1002
123280,2400,48
123299,4230,126
123457,5136,366
123484,4000,165
123572,7424,3299
123651,5480,1015
123943,850,49
123961,9612,8700
123970,15480,153
124283,15000,110
125462,3290,169
125718,3825,136
125727,8996,1207
125763,7896,831
125897,7508,224
126182,4000,1200
126562,9100,722
126669,6122,1090
126678,7756,1724
126711,5412,650
126748,2800,300
126775,8567,1861
126818,5976,8102
126979,7320,186
127060,8385,2753
127185,4796,1333
127389,2209,244
127556,6100,2533
127653,6880,102
127732,3058,578
127741,5304,3508
127918,7260,863
128106,6100,875
128258,2280,307
128328,0,4400
128391,5030,1241
128498,10692,317
128771,7174,2512
128902,9070,1738
129020,7238,12104
129154,4600,90
129215,7992,2510
129242,9280,3277
129491,6120,28
129525,8008,3340
129774,7150,633
129941,10350,2799
130253,10900,3099
130314,6631,412
130493,7222,2595
130590,9960,1999
130624,0,1100
130776,7749,1590
130794,9400,5576
130934,7490,2820
130943,7992,6976
130989,6720,299
131098,5818,693
131159,9996,4262
131283,8820,2050
131450,7968,1069
131469,14950,8013
131496,10824,5445
131520,9432,5230
131876,3760,300
131973,6716,237
132471,6660,1274
132602,6962,2653
132879,3480,221
132903,5400,12281
133021,1450,99
133492,6814,1795
133508,6660,402
133526,3788,520
133553,7080,2981
133650,6012,2520
133669,6100,4471
133702,7000,58
133711,6300,1220
133809,5000,608
133872,4400,174
133881,7000,2115
133951,7536,3710
133960,10314,100
133979,4270,1000
134079,7170,2184
134097,6680,6707
134130,5750,10781
134495,6795,420
134510,2490,220
134945,9200,1573
135160,3600,44
135726,8460,4216
136172,5772,3504
136215,9680,2100
136330,5530,1225
136774,8670,1191
136950,8500,1220
137032,7860,1607
137351,7878,6304
137476,7200,497
137546,8142,2051
137564,5240,1834
137777,6000,80
137847,5878,4575
138275,4576,440
138293,6258,412
138354,5900,1436
138558,4724,1324
138600,6100,857
138716,5470,2425
138761,5602,294
138868,4500,424
138947,5618,2121
139144,7360,1891
139153,6750,24
139205,3300,532
139250,6608,654
139311,6528,1305
139348,4653,138
139366,5990,1467
139463,5300,365
139621,6240,437
139658,8638,4821
139719,4722,1400
139755,6918,10070
139764,4110,950
139861,7222,2237
139931,6280,6422
139940,11090,5414
139959,6278,9635
139968,5762,994
140146,4788,32
140234,6430,662
140252,8000,662
140447,6542,3077
140553,7847,1544
140720,3136,380
140818,5866,799
140951,10224,5466
140960,3812,2292
140988,5000,760
141237,3788,661
141264,4270,2857
141334,5740,3026
141361,5126,1080
141486,7520,328
141565,3544,839
141574,6253,3272
142115,5197,3158
142276,2978,1203
142294,5000,727
142328,3300,407
142443,4390,198
142461,3900,843
142522,2387,1152
142559,2500,542
142957,3375,118
143048,12670,1057
143084,5512,1916
143118,6500,636
143233,2430,17
143288,4800,449
143358,6330,1989
143659,5670,91
143853,9384,259
144005,4500,300
144351,6280,726
144740,10428,2826
144962,6244,981
144971,4735,466
145275,4244,184
145336,7181,296
145354,6961,12
145372,4498,801
145558,11536,574
145600,8082,3506
145619,6386,544
145646,7146,1349
145691,4988,938
145725,6842,2231
145813,5334,5895
146427,5040,1121
146481,5140,1269
146612,6600,1322
146667,3600,486
146676,3100,653
146719,9260,4833
146728,5916,139
147013,5370,1072
147129,9200,84
147244,9038,1122
147341,5250,1400
147369,6410,1410
147396,5200,132
147590,13230,124
147660,7762,1437
147679,5010,975
147767,10492,4134
147776,7518,432
148016,5670,580
148131,5500,750
148405,5414,439
148487,9412,763
148575,1900,72
148654,7460,1122
149222,6292,4492
149231,6290,3106
149514,5800,440
149772,6000,3015
149781,6180,2175
150048,6150,196
150066,6240,1129
150136,4742,6670
150145,4360,751
150163,8300,2615
150215,5220,16
150288,4875,166
150455,5775,1061
150534,6670,1506
150604,5852,700
150668,5810,846
150677,4900,1117
150756,5950,1150
151102,6108,1247
151263,5464,2757
151290,8026,688
151306,4948,2665
151324,7068,4323
151351,7230,11453
151458,5980,64
151467,6820,83
151777,5350,994
151786,5300,949
151801,4442,2492
151865,3308,47
152099,3600,328
152318,9348,1254
152381,4440,324
152390,8070,1243
152530,5230,1740
152567,6550,1556
152600,7580,2033
152673,5700,933
152992,4494,570
153001,4941,864
153108,4892,1405
153126,4700,581
153144,4670,1260
153162,4500,1060
153214,4800,224
153269,5892,1758
153278,5150,982
153296,3780,411
153302,3750,268
153311,4050,72
153320,3310,230
153366,3490,870
153375,4846,894
153384,6278,1340
153472,2280,648
153533,2990,507
153603,4783,11156
153621,4140,533
153658,7620,6737
153773,3692,40
153825,4000,1059
153834,4560,2100
153861,3400,550
153922,4950,152
154004,5320,883
154059,2937,396
154095,4699,3770
154174,6000,142
154235,6816,1671
154350,4276,1250
154378,5250,233
154493,4017,752
154527,5290,1409
154536,4150,44
154572,3950,543
154590,3102,757
154688,3950,576
154712,5680,1538
154721,8100,677
154749,4890,492
154855,4000,350
154934,3704,315
155025,6120,882
155061,3968,1731
155089,3800,402
155098,3000,322
155140,460,804
155186,3859,471
155195,3060,528
155201,2750,280
155292,4740,158
155317,6084,5529
155335,4574,400
155511,3599,572
155593,2608,128
155618,1742,253
155627,5105,470
155715,3072,348
155812,4150,333
155858,2730,250
155900,3780,483
155937,3516,635
155973,4150,595
156082,5413,1020
156189,2990,524
156213,4304,1181
156286,4800,1085
156295,3592,1390
156408,5370,1407
156417,2240,100
156620,5930,4450
156745,4900,1480
157030,1940,100
157058,3340,919
157085,8930,8103
157216,3420,1135
157289,5234,3688
157298,5418,82
157377,4400,407
157401,5424,3380
157748,4468,511
157757,4900,340
157793,6435,512
157809,4725,485
157818,6090,739
157863,3300,435
157951,4678,5266
158477,7360,614
158802,6156,695
159009,5572,2500
159373,4356,440
159382,4950,390
159391,8030,7861
159407,7140,217
159568,2282,720
159647,3000,2660
159656,7430,1493
159717,4250,992
159939,5710,1604
159948,2675,503
159966,6580,1376
159993,2994,1880
160038,5404,1492
160065,7200,115
160409,7950,175
160612,5050,2742
160621,5610,2300
160630,6480,698
160649,8753,240
160658,6590,3717
160755,9010,4071
160959,6210,168
161004,7372,1749
161022,2100,14
161086,7620,1973
161138,4100,253
161217,6000,36
161226,5356,997
161235,4460,225
161244,4600,209
161253,5518,3650
161299,4202,652
161341,4850,349
161484,2832,154
161509,8650,301
161545,6038,561
161554,5200,1365
161563,5690,500
161572,6620,570
161581,3770,125
161688,6000,232
162007,7616,1400
162061,6950,220
162210,4470,400
162283,5985,650
162584,5404,1307
162609,6838,172
162654,8072,1345
162760,6600,663
162928,9452,2762
163046,11135,3368
163259,8300,424
163268,7234,4022
163286,7755,12025
163295,10360,997
163338,5514,1798
163453,6696,2690
163462,6780,1445
163532,3300,370
163851,7160,2248
163912,7850,1507
163976,6350,378
164076,7446,5908
164155,0,4667
164173,8656,1853
164216,6180,1293
164270,5408,1410
164368,13500,555
164447,7350,860
164465,8300,1858
164562,8310,1859
164580,10828,1939
164614,4300,120
164720,6750,754
164739,10290,3350
164924,9300,7687
164988,10680,11612
165015,9060,2950
165024,8900,3294
165334,5600,1668
165529,8780,1524
165574,10900,1000
165699,10794,2613
165820,7713,1736
165866,8440,1803
165936,7100,1428
165945,4180,327
166018,8520,1180
166027,10927,13621
166054,11550,204
166124,8250,2507
166452,9860,861
166513,8610,4787
166629,7280,14915
166638,11352,1052
166656,14250,1322
166683,10430,5965
166692,7790,1615
166911,10500,294
166939,7504,2193
167288,6650,1020
167358,9250,9410
167729,10384,2282
167835,9100,2406
167899,7040,2129
167987,9030,4018
167996,10379,2198
168005,14000,1642
168148,8220,3976
168218,8824,2209
168227,11426,2146
168263,8136,2635
168281,7612,1768
168342,7600,2014
168421,8736,2240
168430,8428,1577
168528,5530,1690
168546,6080,1730
168591,6262,1369
168607,3700,64
168740,4900,1264
168786,4500,900
168847,4300,940
168883,3200,100
169099,4200,189
169248,5164,5960
169363,8050,450
169424,3617,85
169442,6300,626
169479,5168,852
169910,5457,3604
169974,6200,108
169983,5100,435
169992,3800,96
170082,6150,6012
170286,5640,1119
170301,4880,2426
170444,5800,392
170532,4929,881
170620,7252,188
170675,7260,909
170806,5500,400
170967,4590,310
171100,4374,17445
171128,6137,3267
171395,3700,134
171456,5874,3202
171483,5475,503
171492,5620,944
172051,4430,2471
172291,5250,70
172307,6500,390
172334,4750,1097
172440,4624,186
172644,6692,2881
172705,8160,126
173045,5560,1079
173063,3200,96
173124,5434,1267
173142,3810,520
173160,5900,1845
173258,7704,1854
173300,3740,1238
173638,2500,16
173647,6460,2124
173665,5150,922
173735,3380,112
173805,4790,116
173896,2760,155
173902,6762,1316
174066,6278,7555
174075,4616,593
174127,5780,291
174251,4100,1031
174321,2960,56
174358,6312,1410
174437,4340,913
174491,5810,1111
174525,3200,114
174604,3580,94
174747,5464,1664
174783,5582,2977
174792,5274,1529
174817,5230,1064
174844,5400,2785
174862,4560,519
174899,5602,923
174914,6812,2352
175005,5500,800
175078,5218,927
175139,7700,22
175157,4200,304
175227,9228,48
175272,5950,2336
175342,7360,2032
175430,4200,410
175519,1800,419
175616,4530,1277
175643,1500,819
175652,2500,590
175786,2620,1634
175829,1600,1000
175856,5744,2464
175883,1570,886
175980,7950,805
176008,1100,487
176017,6264,5106
176035,4434,665
176044,4386,1015
176071,2600,878
176080,6440,5333
176169,1600,791
176178,1400,1069
176336,2000,67
176372,6800,3500
176406,4000,670
176479,3000,899
176628,4350,351
176789,2680,260
176947,4000,813
176965,5612,3994
177065,5267,531
177083,5683,125
177126,3840,181
177144,3895,850
177214,5860,1039
177339,4304,1454
177418,5320,280
177551,6741,600
177676,3870,204
177746,8200,186
177834,6180,44
177940,3728,1033
177977,3600,144
178004,6123,22
178059,7800,1070
178208,3710,259
178369,5000,1189
178387,5133,1255
178396,6550,6392
178402,7233,1160
178411,6855,2300
178420,5450,1103
178448,2800,54
178518,4800,35
178615,5848,2360
178624,5272,2963
178721,4780,396
178891,3700,200
178989,4990,36
179043,6240,931
179159,7842,4115
179265,6663,500
179326,3400,1020
179539,2704,156
179548,6636,601
179557,6327,2658
179645,3440,184
179715,3043,140
179867,11650,7180
179894,6120,863
179946,5616,625
179955,5640,1051
179964,5150,748
180081,4534,452
180106,5036,1015
180151,3300,140
180179,3740,513
180197,5464,124
180258,5350,319
180373,3092,181
180416,4534,452
180489,4294,3441
180522,2470,350
180595,4140,571
180647,2475,99
180692,3244,420
180771,9819,25
180814,6870,331
180832,5560,116
180948,3706,1285
180957,3250,4
180984,3750,976
181002,6260,2517
181020,4680,860
181127,4840,730
181215,5156,2348
181297,6885,100
181312,3020,357
181330,3850,684
181376,5100,200
181446,5720,919
181464,7280,6478
181491,5520,536
181534,4674,601
181543,1900,32
181738,4120,950
181765,2923,220
181783,3990,1556
182281,5880,2850
182290,7150,3192
182306,4032,116
182458,6946,200
182634,8420,890
182670,9879,3733
182795,8100,1364
182980,7610,991
183026,9000,1995
183044,7472,6859
183062,7542,2018
183071,7472,47
183080,7450,2536
183099,6720,380
183123,8220,112
183211,6820,450
183275,4850,90
183974,7910,722
184348,9264,1479
184603,8940,991
184694,8986,1570
184773,5600,497
184782,8314,6693
185129,11200,576
185174,7930,46
185262,11418,1974
185572,8412,1988
185590,11084,5100
185679,6384,29
185828,9110,1960
186122,4300,420
186131,10090,5151
186201,8850,2621
186283,10020,2716
186371,8831,820
186380,7971,15862
186399,8615,2053
186432,9904,827
186584,10192,2505
186867,8910,1801
186876,8396,3485
187134,9516,4000
187444,7750,2605
187596,2280,474
187648,3566,1103
187666,3240,258
187745,4392,186
187897,3966,534
187903,1650,363
187912,1816,965
187985,4890,2492
188030,5518,3517
188182,4700,244
188261,3150,30
188304,5990,382
188340,10880,200
188429,10770,1300
188438,8160,408
188526,6800,750
188641,6418,1486
188669,10175,40
188678,18315,144
188696,20150,45
188854,9750,941
189097,10826,2357
189501,22104,384
189547,8372,355
189705,5880,1070
189848,8006,740
189857,2500,310
189981,4774,46
190044,8240,2498
190099,7020,2815
190150,8718,12750
190248,7800,437
190372,12638,170
190415,9152,7200
190424,11200,729
190442,6360,277
190451,6000,40
190503,8080,1770
190512,15499,398
190558,14745,442
190567,12710,589
190576,15900,111
190594,6454,650
190600,18375,210
190637,10926,19
190664,12752,510
190725,9150,688
190840,7706,465
191126,9762,2200
191205,7700,208
191302,7900,288
191320,10680,68
191339,6600,449
191515,7850,1904
191533,6654,1223
191612,6700,650
191630,7955,1900
191649,10960,3500
191676,5134,1015
191968,8770,4480
191986,7730,340
192022,7190,294
192040,12900,158
192192,5912,902
192271,16840,372
192323,8800,1578
192448,8894,2331
192712,10790,500
192749,8680,1124
192819,10000,3486
192864,15722,766
193016,9750,744
193052,2100,200
193061,1800,40
193070,2000,140
193247,3065,100
193283,7000,459
193292,11480,381
193308,7800,1000
193326,6980,772
193353,9190,1095
193405,8755,714
193584,7860,1365
193654,15000,1887
193751,5180,204
193821,23436,61
193830,10392,504
193900,13548,12994
193973,5400,1417
194073,15000,75
194091,9500,630
194116,16600,17
194222,6270,824
194392,8500,781
194569,3500,280
194578,9422,1825
194824,8770,3930
194958,6760,688
195003,7902,6527
195030,10090,1350
195049,10285,244
195128,6654,860
195164,7200,1625
195173,15300,178
195191,6000,20
195216,7880,2362
195234,6522,1327
195243,8150,681
195304,10420,1160
195438,3000,170
195474,9140,2455
195526,8868,2179
195580,2700,86
195720,8100,1495
195809,11110,3357
195988,6228,350
196006,7990,2666
196015,7850,1250
196024,7500,1840
196033,8200,1677
196042,8088,617
196051,9600,1680
196060,9010,7341
196079,10830,7391
196088,8521,7972
196097,9082,10474
196103,8850,620
196112,8278,953
196121,8594,2708
196130,8340,2627
196149,8060,3153
196158,7600,2931
196167,8370,4471
196176,9128,3198
196185,9210,3472
196194,8790,4434
196200,8150,2715
196219,9098,2794
196237,7660,875
196246,8740,2532
196255,9410,382
196291,8026,1477
196307,10400,218
196413,8470,8047
196431,3500,200
196468,13922,667
196565,8400,816
196592,7710,403
196866,7710,2043
196884,9000,69
197018,3000,450
197027,0,986
197045,5360,1034
197151,18100,1227
197197,8624,1476
197230,11100,507
197692,950,176
197708,9000,1645
197735,2100,325
197869,4878,5674
197911,4500,629
197984,5828,875
197993,4040,416
198066,8090,617
198136,6050,1802
198215,6188,851
198385,7534,1754
198419,8924,5773
198464,5520,5726
198507,4970,1583
198516,6225,4192
198543,4513,1517
198561,5260,1368
198613,5800,883
198695,7358,4656
198756,4086,1193
198808,5320,693
198862,3262,1024
198871,6368,722
198969,6402,1176
199032,4300,542
199102,4209,5064
199111,5446,1666
199120,6810,10113
199139,6560,6039
199148,5516,5666
199157,6365,2901
199184,4654,530
199193,6070,10281
199209,4950,853
199218,6790,3752
199272,7760,544
199281,5250,2331
199306,6020,728
199412,7149,1045
199458,4200,264
199582,3432,946
199607,6000,441
199643,3842,1247
199759,3728,849
199847,9560,4171
199971,2600,20
199999,6810,2442
200004,5206,4552
200022,3280,425
200059,3448,239
200086,1600,3
200156,3570,732
200192,2650,203
200217,3550,1290
200226,3515,308
200253,2849,701
200280,4500,6062
200305,2918,1125
200314,3095,259
200332,4100,5563
200341,4000,183
200484,2808,287
200554,1800,1042
200572,2420,462
200800,8026,2820
200873,1800,77
201061,6900,76
201104,5610,2016
201195,5678,1620
201371,5476,782
201441,5189,6080
201548,5544,1597
201645,9080,4419
201654,4318,2733
201690,5600,1533
201858,4190,452
201885,6856,7036
201955,6856,425
201964,4160,321
202046,8680,331
202073,9300,100
202134,8790,1011
202161,6320,128
202480,8420,6638
202514,5580,547
202523,7140,2306
202763,5090,1400
202806,3782,422
202903,1800,250
203085,5300,936
203128,5150,700
203155,5680,800
203368,6736,1884
203517,7292,6493
203535,5470,1812
203544,4264,100
203580,4508,447
203757,5540,604
203775,4840,1197
203845,6530,1243
203997,4120,90
204024,8852,8179
204176,5000,120
204185,5200,1745
204194,4748,1136
204200,4970,466
204264,6000,1032
204468,4850,645
204486,2800,1678
204501,8350,2600
204617,6240,519
204635,6060,2138
204857,7308,7197
204909,7000,1463
204936,6078,1296
204990,6000,32
205027,5480,220
205124,1000,300
205443,6602,961
205957,4980,1533
206048,6190,1002
206084,7610,3596
206349,5684,247
206437,5650,1047
206491,4000,310
206507,5090,842
206525,5394,1662
206589,5940,1981
206604,6208,2984
206613,5030,96
206622,7370,2317
206817,3600,457
206835,4324,447
206862,5500,840
206914,2222,676
206941,3990,1894
206996,4478,368
207041,3538,1320
207157,3150,125
207209,7162,1342
207236,3620,252
207254,4480,320
207263,4162,1410
207281,3180,694
207290,2300,850
207306,1880,886
207324,4400,1709
207342,5970,151
207351,2400,688
207388,5096,6390
207403,3390,1647
207458,6200,1140
207500,6378,7390
207564,4236,800
207582,3950,2581
207661,5490,825
207670,6490,170
207722,3020,536
207847,2690,725
207865,2700,1370
207971,6586,2786
208035,2300,132
208488,5040,500
208646,5800,422
208822,6650,1393
209038,4995,255
209056,7418,1417
209065,6970,1153
209241,6486,144
209506,5278,676
209542,9345,5058
209603,10063,125
209612,7120,1029
209807,6780,2200
209922,7720,1130
210146,7686,1000
210234,3926,142
210304,4140,301
210331,5852,555
210401,6800,1336
210429,8709,1374
210571,6864,1437
210669,6670,1791
210739,6400,1160
210775,6490,1022
211024,2570,540
211088,9000,1135
211158,6434,3568
211273,9760,1263
211291,8644,3391
211361,6592,2248
211431,6142,442
211440,8822,4049
211468,5583,539
211477,5346,403
211556,5842,804
211608,7148,505
211644,8590,1745
211893,8060,87
211981,6950,1024
212009,7310,2092
212054,8400,4168
212106,7194,3780
212115,8000,2579
212133,6136,949
212160,6000,1393
212197,5800,1491
212577,8550,2313
212601,7410,1443
212656,5500,942
212674,7220,2293
212805,6160,2249
212832,5520,525
212911,9790,1342
212984,7980,209
213011,6390,498
213020,8950,3904
213251,6814,1261
213303,6000,510
213321,7014,1075
213349,6484,4011
213358,7540,560
213367,7990,1962
213376,6700,314
213385,10057,2394
213446,3285,65
213507,5890,1307
213543,8290,2593
213598,5242,1876
213613,6540,1066
213631,3170,124
213668,6634,1108
213783,6600,1319
213826,8058,908
213987,6420,1900
213996,5630,2403
214041,8780,2233
214069,7800,959
214157,7840,1227
214166,5516,540
214175,6615,1922
214272,8240,792
214379,5678,578
214591,6554,1902
214689,6554,901
214698,6180,211
214704,7750,805
214713,8420,697
214731,7256,250
214768,6180,357
214777,6554,14362
214786,6180,210
214795,6180,301
214801,8420,400
214810,6766,320
214944,2700,16
214971,13500,55
215053,9150,68
215062,10600,6400
215105,10950,646
215114,5605,484
215132,10608,601
215266,5826,1007
215275,6710,674
215284,6040,1742
215293,6550,8097
215309,5800,160
215415,6270,808
215424,5611,121
215442,5420,1070
215594,6197,120
215637,7778,130
215655,6470,1898
215743,6148,1310
215770,9424,2515
215798,6559,1283
215813,7434,80
215929,8950,2649
216010,7778,1981
216038,6876,2600
216047,4635,246
216278,6900,2092
216287,8252,1548
216296,4900,640
216339,9496,5715
216348,5700,4
216357,6520,929
216366,6484,1914
216524,8750,1353
216542,4520,755
216551,9450,382
216597,7744,5400
216667,7654,1406
216694,5320,1134
216764,5626,5141
216773,6720,53
216816,3120,31
216852,7672,1726
216931,9124,1148
217013,5500,482
217059,6520,2418
217156,9420,5073
217165,9401,2974
217235,10797,3120
217305,8475,416
217402,8730,3205
217420,7016,1089
217484,8188,6281
217493,8045,1471
217518,8696,2992
217536,8760,1285
217606,6450,500
217624,2520,562
217633,5300,1472
217776,4110,570
217819,7673,3375
217873,4030,1355
217882,7214,7600
217891,3994,144
217907,4556,618
217934,3900,588
217989,2150,260
217998,5860,580
218061,5120,1539
218070,7132,2407
218229,5780,1750
218238,4564,850
218399,2809,834
218414,5800,1052
218441,4900,1530
218539,5200,1151
218645,5192,969
218654,5480,1061
218663,6700,9001
218724,5440,4768
218733,6600,1454
218742,5314,1036
218919,3676,539
218964,5526,2492
218973,7740,1482
219000,3778,1381
219046,3608,872
219082,3805,795
219091,3350,534
219259,4701,853
219277,3150,24
219295,6300,298
219347,4780,1082
219356,3974,4577
219383,3970,647
219426,4800,202
219471,4280,2226
219505,4240,85
219602,6080,1803
219639,3048,192
219709,6860,3864
219718,5814,947
219806,3734,1217
219842,510,65
219976,7520,1677
220181,6346,838
220206,3012,235
220215,4320,1226
220464,4000,13
220473,3116,776
220516,4532,443
220598,4760,1162
220604,3600,384
220613,4575,2043
220631,3650,1114
220710,5788,941
220792,7500,283
220808,5820,36
220862,6105,2675
220871,672,16
220978,5572,2872
221148,3920,698
221519,6876,1800
221661,4640,1600
221731,2230,420
221740,6163,3610
221768,2920,2255
221838,3806,3745
221847,5760,2298
221892,4450,901
221953,5642,800
221971,8000,1296
221999,11044,5892
222178,5585,2013
222822,2200,108
222831,5340,2213
222983,5900,1071
223001,3800,110
223117,4500,24
223232,7150,5103
223320,1800,180
223427,5399,1765
224004,7200,300
224147,7295,2832
224226,4015,2275
224305,4032,318
224323,6900,837
224527,4576,1212
224545,6200,294
224554,4668,2876
224712,5976,50
224891,1000,228
224961,2400,49
225070,2200,202
225247,4470,1184
225399,4800,1060
225502,4641,644
225511,5380,7200
225520,1550,252
225548,3780,698
225575,3642,422
225627,7520,1136
225876,3686,191
225885,4940,797
226091,5868,2505
226152,5668,736
226587,4286,593
226806,2200,297
226833,5250,1768
227146,3200,861
227331,5930,601
227429,3000,325
227526,5890,4270
227687,1400,388
227757,9700,3309
227845,8554,1758
227863,5710,415
227881,5392,3677
228042,4956,1108
228149,7370,1546
228246,10550,3375
228316,2600,251
228325,3570,752
228343,5990,1106
228459,7040,6854
228468,3900,378
228486,3276,215
228501,5390,779
228529,6230,3617
228653,5892,296
228769,6314,9211
228787,7442,5543
228802,6420,1724
228875,8060,4780
228884,3800,602
228981,5870,986
229018,6076,1173
229027,4290,4170
229115,4675,8193
229160,4852,545
229179,5250,2429
229267,8690,2086
229355,5940,1208
229504,1000,156
229780,3354,951
229799,6000,288
229814,4573,2202
229841,1500,127
229887,3368,784
230171,3398,720
230597,2300,761
230603,3325,903
230728,2320,3078
230764,5536,5795
230782,3411,1001
230807,5692,713
230816,8800,765
230834,6604,1160
230852,9856,1461
230913,6604,1351
230940,7285,212
230977,7466,62
231095,4500,118
231165,6604,494
231174,8532,6538
231420,6570,595
231554,3882,438
231624,7958,4728
231651,4700,1001
231712,7238,3733
231837,5281,3936
231970,7260,102
232025,6867,799
232043,6560,672
232186,7105,6220
232265,6432,2700
232308,8450,648
232423,5428,6698
232557,5800,7898
232566,7762,2624
232609,6150,1687
232681,7382,2521
232706,8650,1023
232937,7206,2961
232982,6792,4854
233277,5281,3936
233295,6800,1242
233338,6980,476
233374,6000,2880
233426,6562,1591
233611,3928,632
233842,4275,59
233897,6388,693
233921,5518,10812
234030,6555,6234
234076,6720,7191
234085,2924,1751
234137,4200,168
234155,6744,3394
234164,3976,821
234207,7820,1517
234669,7950,400
234711,2880,200
234827,6188,3955
234845,3750,49
234915,10125,104
234979,6264,126
235024,9064,324
235097,7266,2318
235103,7020,300
235149,9900,252
235167,8943,991
235237,6300,60
235316,6240,2928
235431,8100,160
235501,5850,210
235547,8250,142
236188,6500,80
236230,5040,1560
236328,7020,1726
236452,5750,630
236577,6672,1779
236595,8262,2448
236610,8200,245
236638,4800,140
236896,4395,1340
236939,7150,7923
236975,4500,75
237011,7852,4054
237039,6435,145
237057,6020,886
237066,6450,1365
237109,4200,234
237118,4700,1027
237136,3750,243
237181,5460,800
237312,5270,762
237330,5118,902
237367,5624,1192
237385,5782,728
237473,6825,8
237525,5584,2418
237640,3990,318
237701,4138,650
237783,2880,365
237792,5852,1110
237899,7762,369
237932,5150,1271
237950,7116,388
237969,4542,1168
238032,5830,6253
238078,5400,804
238193,3922,252
238333,5332,1211
238458,6977,1795
238616,8390,1750
238980,4546,570
239017,5448,1471
239105,8660,5331
239309,8025,430
239318,6126,1305
239424,3000,62
239460,5400,187
239512,4340,547
239628,4443,954
239716,5841,1823
239743,3760,245
239910,4875,140
240107,4125,905
240170,5190,200
240189,4297,4100
240268,5012,4092
240277,4445,2078
240329,3921,3224
240365,4784,2807
240374,4787,736
240417,4400,3381
240426,3848,720
240444,7067,7825
240453,6858,3464
240462,4945,2500
240471,4136,2473
240480,4422,2978
240505,3660,494
240514,2644,240
240596,3390,213
240620,4836,276
240657,3610,526
240693,3940,558
240718,2700,180
240727,4493,2899
240754,2250,218
241191,1600,300
241225,2700,14
241410,1390,166
241614,2400,9
242617,1200,390
242705,4000,68
243221,3655,350
243443,3100,550
243577,4950,104
243638,735,216
243647,1176,116
243665,4500,365
243744,10110,12588
243780,4860,14901
245652,8456,371
245953,4456,246
247649,6660,510
247773,2200,70
251260,1160,460
262129,6867,629
262165,3200,69
363934,5120,260
364025,5260,1244
366252,6684,1710
366711,8296,1547
367334,3340,16
368036,4179,8
376695,740,84
380368,3458,100
380377,2700,82
382911,1550,52
383190,3544,40
384254,7466,374
392840,6850,98
404222,6000,112
407009,6740,728
409698,8436,3610
414823,8479,883
417549,4741,55
417752,3350,68
420325,2150,100
420574,7554,1387
421832,7550,72
421841,15490,203
423643,4860,437
429012,19500,622
432524,8180,74
433660,4820,4748
434016,4000,36
434584,4000,52
434937,5100,29
436836,10554,476
437316,6200,85
439145,6300,60
439288,9517,780
439862,2600,44
440828,8100,297
441238,7920,10
441690,1520,22
441937,9740,1612
442295,3829,113
442523,6400,128
442781,2400,36
442930,7500,83
443058,2700,10
443076,4120,125
443410,7500,262
444103,8000,31
444398,2500,192
445692,5600,347
445708,9999,1202
446048,6830,1152
446385,12900,108
446604,2500,550
446640,7500,300
447689,8380,1030
447847,4400,187
447953,4500,24
448840,7878,614
448886,9750,1646
449366,7000,36
450304,6408,64
451398,2400,212
451927,4892,294
454184,14400,324
455770,6990,200
456959,7400,267
457484,6600,20
461120,500,12
461795,4500,230
462354,7710,226
464226,8500,380
476601,2450,155
476717,2000,125
480189,5200,335
480967,5445,84
481225,1800,36
482149,6000,1228
482158,4910,1820
482680,5954,2772
482699,5130,506
483018,4622,221
483124,8009,49
485111,3150,278
486017,3000,26
486026,3100,102
486053,3600,17
486257,4050,200
486284,6700,329
486460,0,45
486594,5600,24
486840,7200,5200
486901,3650,645
487092,8638,922
487320,4993,2320
487524,5148,1193
487746,3500,35
487904,3393,38
488101,1200,30
488305,3000,177
488527,1250,196
488554,0,64
488679,4442,36
488925,675,160
489335,700,10
490133,6000,150
490276,1800,50
490319,1400,60
490753,1210,30
490805,5595,744
491057,1600,20
491525,1760,60
491598,17518,20
491622,3040,140
491932,6175,28
493619,7975,108
494603,2700,967
