"UNITID","IGRNT_N","IGRNT_P","IGRNT_A"
100654,897,64,8585
100663,1744,78,8160
100706,1192,83,11951
100724,467,46,7955
100751,3709,56,15676
100760,60,19,4858
100830,652,89,2851
100858,2882,61,8457
100937,316,96,7175
101028,172,52,3917
101116,1,14,1880
101143,104,33,3786
101161,579,40,5565
101189,233,92,11441
101240,183,21,3778
101286,91,14,4819
101295,211,23,3343
101301,59,21,4699
101365,4,25,2579
101435,248,100,11939
101453,4,100,8782
101462,8,11,2038
101480,639,60,7316
101505,176,17,4542
101514,261,22,2600
101541,62,100,14215
101569,320,47,4267
101587,243,59,3342
101602,161,43,3567
101648,212,92,7097
101675,135,39,6437
101693,233,93,12319
101709,405,83,10059
101736,259,41,1844
101879,750,76,5510
101897,105,22,4621
101912,302,99,10880
101994,44,65,3319
102030,160,26,4081
102049,948,99,16260
102058,5,17,1000
102067,135,18,4046
102076,242,54,4044
102094,1333,70,5545
102234,309,100,30572
102270,44,31,3607
102298,154,51,4332
102313,89,34,2774
102368,769,45,7618
102377,186,33,4949
102429,208,34,3658
102553,421,37,3357
102580,4,44,575
102614,244,42,4876
102632,63,38,2739
102669,31,86,10180
102711,16,10,2735
102845,463,77,1646
103501,6,2,500
103741,11,21,116
103945,1,14,6000
104090,36,3,3612
104151,8239,94,11467
104160,145,19,4698
104179,5205,87,11044
104188,3,13,1167
104346,213,36,2853
104425,198,38,1613
104434,4,33,113
104443,6,35,100
104568,2,1,1000
104577,125,25,7518
104586,567,93,15355
104708,573,37,1694
104717,2658,98,7951
105145,59,20,1233
105154,439,30,1856
105206,17,13,883
105215,216,51,1257
105297,3,2,767
105330,4625,92,9405
105349,14,44,1755
105428,172,27,1104
105525,150,10,2319
105534,165,25,832
105543,10,4,969
105589,45,100,18720
105659,442,47,1623
105668,12,13,770
105747,111,24,1548
105792,103,27,1173
105899,152,92,15488
106041,467,47,2249
106111,5,18,90
106148,140,28,3876
106245,254,46,6906
106306,9,5,4084
106342,215,100,19422
106397,1953,39,5650
106412,313,56,8429
106449,244,37,1933
106458,1197,78,7391
106467,1263,77,4973
106485,212,38,5194
106546,3,100,600
106625,113,36,844
106704,1177,58,6778
106713,124,98,7328
106795,28,16,1719
106810,51,96,4635
106883,47,26,1655
106980,51,21,1938
106999,130,55,2129
107044,824,96,9281
107071,556,66,5414
107080,309,100,38453
107141,301,94,16192
107220,23,9,229
107318,39,34,2156
107327,77,41,2415
107460,137,37,1740
107488,28,13,1389
107512,432,98,16104
107521,9,12,2789
107549,45,29,2032
107558,260,95,16441
107585,162,45,1366
107600,231,79,9303
107619,37,21,2044
107637,25,17,713
107664,112,17,3948
107725,78,36,1508
107743,51,44,1358
107789,17,41,1000
107840,9,12,5523
107877,156,100,6950
107974,27,17,1974
107983,699,79,6907
107992,43,25,2876
108092,596,58,3802
108232,110,33,8666
108649,3,4,2000
108807,5,0,502
108852,79,100,9015
109040,56,8,3774
109208,24,2,1415
109651,118,49,12746
109785,973,97,20190
109819,156,7,530
109907,43,15,79
109934,52,61,437
110060,27,50,1381
110097,838,99,19233
110246,217,17,380
110334,65,7,653
110361,1526,97,15220
110370,224,85,22072
110404,127,55,42708
110413,664,98,24348
110422,1634,37,4005
110486,1015,69,5697
110495,873,58,5455
110510,1712,65,5714
110529,1510,40,5612
110538,1054,39,5601
110547,1379,70,5499
110556,1942,56,6284
110565,1636,38,5617
110574,785,55,5767
110583,2177,45,5765
110592,2856,76,5726
110608,2788,59,5907
110617,1968,53,5840
110635,3029,51,11063
110644,3528,56,9231
110653,2601,45,8364
110662,2878,46,10790
110671,3027,67,10576
110680,3093,46,7372
110705,2634,52,9569
110714,2113,57,8668
111054,6,16,169
111081,202,94,14221
111188,62,29,5964
111434,227,71,992
111461,259,17,350
111513,3,6,667
111887,7,0,161
111896,5,2,850
111920,3,0,100
111939,105,6,664
111948,1403,85,25523
111966,17,63,8412
112075,319,100,19026
112084,67,100,15155
112172,5,0,800
112190,558,37,371
112260,147,45,45436
112288,2,1,750
112385,36,22,1000
112394,39,45,1825
112561,39,17,1153
112570,19,26,2803
112826,1,0,1700
113096,189,16,668
113111,14,3,1326
113193,287,42,284
113218,2,0,375
113236,13,1,1620
113333,191,7,503
113573,410,25,465
113582,2,40,1500
113634,1,0,400
113698,288,100,25407
113980,109,5,1093
114123,31,15,2809
114266,103,11,135
114354,233,46,5354
114390,19,63,4925
114433,31,14,1395
114716,46,5,401
114789,574,27,515
114813,231,100,17290
114947,15,10,14451
115010,1,0,4000
115126,24,2,585
115296,8,0,429
115393,27,3,574
115409,164,70,34904
115728,175,100,25540
115755,547,53,5496
115773,12,86,4354
115861,1,0,1000
116439,131,8,1569
116563,64,60,323
116846,4,57,30753
117052,81,8,289
117104,67,68,4757
117140,649,97,23521
117168,114,98,8173
117195,2,2,750
117274,56,36,707
117575,1,100,400
117627,359,99,14811
117645,3,0,297
117751,135,60,6664
117946,1360,90,17951
117955,1,1,1000
118134,4,24,116
118143,6,75,132
118198,13,3,2524
118347,26,9,1099
118541,127,84,13965
118684,9,6,1001
118693,152,97,28060
118718,6,0,700
118888,157,100,14617
118912,5,0,500
118930,133,33,1046
118976,117,8,1003
119067,1,0,2400
119164,29,1,410
119173,401,100,19532
119270,48,27,2823
119331,44,9,384
119553,22,4,1000
119605,1,33,1666
119775,17,81,5300
120078,1,0,1575
120184,177,99,24323
120254,408,72,35529
120290,22,3,1321
120403,247,89,15294
120537,83,93,18860
120661,105,14,1088
120865,163,100,16051
120883,919,96,25894
120971,256,11,330
121044,47,1,1423
121150,728,91,28108
121257,116,43,33642
121275,7,23,1035
121309,585,89,14824
121345,210,51,49995
121363,29,5,764
121619,57,3,622
121691,709,98,31543
121707,36,8,893
121886,174,13,495
121901,149,7,869
122180,20,2,2162
122205,14,1,2159
122409,1143,20,7345
122436,1040,80,28466
122454,49,92,20393
122506,61,100,25888
122597,1787,44,5703
122612,1396,91,24862
122685,34,2,2341
122728,188,90,19163
122746,59,11,383
122755,1524,41,6403
122791,361,41,945
122889,8,1,750
122931,875,63,27047
122977,343,10,1108
123013,430,47,1046
123165,139,55,31721
123280,3,100,1202
123299,25,5,458
123341,124,6,354
123457,89,100,17641
123484,52,25,400
123509,332,56,1098
123527,2,0,666
123554,622,99,26870
123563,1,0,478
123572,675,38,5506
123651,482,100,19751
123679,63,16,749
123800,22,1,462
123952,8,28,23830
123961,2210,65,34058
124113,131,35,846
124292,70,58,12140
124487,2,100,100
124681,52,8,931
124706,4,0,1007
124937,31,6,1028
125091,8,1,542
125462,36,15,1063
125499,332,43,1287
125727,341,99,27586
125763,496,98,27163
125897,173,97,19199
126076,53,88,6045
126119,4,1,1333
126182,311,75,4229
126207,218,42,1376
126289,59,14,2116
126359,4,8,375
126562,1063,66,2779
126580,1003,52,3950
126605,4,5,9734
126614,3392,51,7642
126669,411,99,16766
126678,256,47,37939
126687,148,19,398
126711,42,15,1860
126748,90,54,3608
126775,967,81,10852
126818,2922,56,7112
126827,305,23,2803
126863,68,19,1881
126872,12,92,1817
126915,1,2,2000
126942,216,33,1171
126951,95,10,1208
127060,1300,89,28592
127158,234,33,1443
127185,364,49,5153
127200,69,8,1626
127316,16,36,663
127389,94,68,3331
127556,1023,53,4000
127565,456,21,2740
127617,27,33,3489
127653,27,90,18573
127732,215,57,1870
127741,1638,85,5736
127778,206,84,4354
127820,55,5,1408
127909,70,12,2098
127918,501,99,19009
127945,35,50,3264
127954,1,8,800
128106,489,73,5246
128151,24,9,851
128179,9,2,6294
128188,4,1,4065
128258,123,55,5153
128337,8,22,209
128391,424,85,4719
128498,152,90,20568
128577,32,16,1658
128586,8,67,3516
128744,518,99,23947
128771,1017,70,3954
128902,474,93,30384
129002,23,41,2107
129020,2277,61,12665
129154,63,98,11338
129181,65,10,1072
129215,783,81,5059
129242,1023,94,25134
129367,44,21,1465
129525,1187,98,23841
129543,279,55,683
129695,268,46,770
129729,228,29,384
129756,120,45,1243
129774,144,95,17310
129808,87,20,2059
129923,3,1,1888
129941,1313,99,20549
130004,86,20,2480
130040,41,25,1040
130110,3,19,711
130174,184,66,1510
130183,178,45,20165
130217,129,67,418
130226,1876,99,22101
130253,1441,98,17104
130314,218,100,22512
130396,271,47,1166
130493,366,24,4212
130509,37,44,93
130590,295,51,44843
130606,231,46,493
130697,327,41,48976
130776,541,61,3356
130794,874,56,53402
130907,182,9,1118
130934,625,62,6659
130943,3403,72,10723
130989,151,100,18458
131061,20,42,379
131098,281,100,12540
131113,53,19,3769
131159,984,56,25355
131283,807,97,26373
131399,181,50,7056
131450,182,91,10922
131469,2126,75,31651
131496,717,44,43685
131520,1473,98,20632
131876,212,100,11712
132374,5,0,1063
132408,23,85,1926
132471,638,100,17946
132602,462,49,7489
132657,613,97,13951
132675,10,21,1350
132693,106,8,2382
132709,208,6,1467
132851,289,31,1503
132879,56,84,3148
132903,3692,52,2511
132976,28,13,1905
133021,54,15,4341
133155,30,9,1341
133386,156,12,2697
133465,3,50,7707
133492,572,99,23155
133508,226,11,4179
133526,176,61,6029
133553,1321,94,13163
133650,711,52,3983
133669,1509,48,4596
133702,121,10,2976
133711,586,90,5780
133809,173,88,6379
133845,41,6,1098
133854,50,6,692
133863,25,4,1048
133872,71,80,4360
133881,723,93,20991
133951,2498,63,3485
133960,21,17,1321
133979,56,17,6116
133997,12,6,729
134024,1,3,500
134079,687,99,20024
134097,3922,65,3944
134112,46,8,1413
134130,2494,37,3323
134237,1393,52,6885
134291,21,4,1049
134307,5,2,1506
134343,182,29,1551
134495,690,18,1429
134510,11,38,436
134608,105,10,2452
134714,4,17,612
134811,82,61,2473
134945,600,97,24910
135081,2178,65,3554
135160,76,20,1356
135179,29,5,835
135188,121,21,1746
135267,58,8,300
135276,78,11,161
135294,296,36,485
135391,253,21,3245
135407,135,13,375
135610,1,50,1985
135647,132,38,1298
135717,1772,23,2458
135726,1564,67,30763
135735,28,7,1273
136145,45,44,2503
136172,1294,55,4280
136215,1239,100,16821
136233,133,22,1437
136330,519,100,16996
136358,312,14,2408
136400,97,8,1911
136473,214,23,1860
136491,16,6,2124
136516,59,8,1737
136659,9,8,781
136765,25,11,580
136774,401,93,12232
136826,69,39,334
136950,439,80,30071
137023,47,17,1045
137032,559,100,12974
137078,445,21,2223
137087,23,14,1330
137096,38,2,2491
137120,53,11,1344
137209,347,17,1046
137245,22,1,1059
137281,158,27,1764
137315,47,16,1209
137351,2843,65,4653
137476,196,95,17878
137546,895,100,30168
137564,1251,91,8103
137713,10,4,538
137759,265,12,1259
137777,5,63,10470
137801,11,37,2419
137847,1971,91,11266
137856,9,22,1435
137953,68,85,2330
137962,31,97,3948
138187,688,14,1126
138275,194,98,8565
138284,17,5,966
138293,190,98,9564
138309,30,11,894
138354,790,71,3929
138372,32,13,300
138479,12,1,485
138488,66,18,1141
138497,45,18,2085
138558,267,30,4242
138600,324,100,27489
138682,12,5,2403
138716,188,12,4679
138761,117,96,9203
138813,65,61,2789
138868,151,84,8881
138901,4,2,2168
138947,253,28,15088
139144,509,100,21901
139153,21,40,232
139199,204,87,16648
139205,195,100,8020
139250,107,16,4251
139278,13,3,968
139311,66,12,8666
139366,205,20,6740
139393,242,97,20866
139463,20,2,4300
139579,4,33,6258
139621,44,4,2944
139630,207,84,8661
139658,787,55,41195
139700,8,1,4945
139719,114,24,6218
139755,803,26,12608
139764,153,38,4591
139861,157,11,2874
139931,656,16,5750
139940,1055,22,6271
139959,1798,32,6925
139968,84,10,3116
140234,210,100,17835
140252,121,70,5643
140340,14,33,2701
140447,962,99,23771
140553,321,53,23504
140696,325,99,24939
140720,174,96,7654
140818,250,99,15052
140872,334,97,12011
140942,4,1,567
140951,2514,97,10859
140960,297,38,8346
140988,307,96,10552
141006,17,5,7650
141060,323,57,8856
141167,61,84,3504
141185,153,72,10592
141237,281,99,8903
141264,432,25,10664
141325,155,100,15009
141334,341,16,5826
141361,306,99,19857
141486,180,63,14002
141565,233,58,3934
141574,1206,57,5351
141644,546,97,13866
141680,88,26,1352
141796,201,30,2093
141802,63,59,2473
141811,315,42,980
141839,96,28,1916
141981,74,33,3024
141990,108,53,1586
142090,16,84,3826
142115,1467,53,9813
142179,62,22,1454
142276,1000,71,4276
142285,1288,90,6528
142294,275,100,20979
142328,314,66,3799
142443,353,51,1647
142461,270,100,17522
142522,1434,36,2650
142559,290,49,2770
142887,22,45,16114
143048,575,91,15749
143084,630,100,27157
143118,759,100,12146
143181,7,35,1743
143215,158,18,2989
143279,161,30,1474
143288,167,100,8927
143358,1087,100,17472
143376,3,9,3535
143543,4,36,94
143552,4,67,913
143613,62,31,3571
143695,5,71,427
144005,62,44,12047
144050,921,51,42074
144157,30,13,2107
144166,166,22,3334
144175,42,25,2393
144184,92,24,2597
144193,102,21,2823
144209,245,19,3618
144218,244,25,3669
144281,1172,91,9097
144351,395,100,19325
144485,34,7,614
144564,19,7,6624
144573,3,60,83
144740,2512,98,21315
144865,163,8,3589
144883,68,89,3234
144892,614,77,4789
144944,92,11,1402
144962,530,100,20527
144971,140,100,10035
145099,16,6,688
145239,4,13,1000
145336,45,23,634
145372,221,100,14539
145433,3,13,1667
145497,10,100,3867
145521,114,41,1831
145600,2547,62,5449
145619,451,100,17136
145637,3660,48,10020
145646,488,99,29243
145682,306,26,2773
145691,294,100,21486
145707,169,72,2179
145725,608,100,33859
145813,2445,67,5263
145831,28,7,1885
146205,67,18,3770
146278,136,35,2179
146296,65,7,1696
146339,153,100,19131
146348,38,13,1519
146366,46,25,4289
146418,70,17,1228
146427,343,99,31827
146472,154,12,2248
146481,386,98,30899
146506,312,41,2956
146603,78,14,4089
146612,644,100,18826
146667,62,97,4129
146676,272,99,6573
146685,64,9,3833
146700,11,2,6598
146719,2717,98,20918
146816,1,3,2000
146825,159,99,16954
147004,7,1,2140
147013,361,100,18103
147129,1,17,1000
147244,468,100,23233
147341,241,99,27603
147369,200,88,9114
147378,58,4,1792
147396,29,58,1193
147411,45,17,2237
147536,36,6,2910
147642,10,100,1000
147660,548,100,22759
147679,415,99,13790
147703,1692,92,5337
147767,1095,57,45486
147776,97,23,2556
147800,81,16,1588
147819,2,5,500
147828,691,100,23118
147916,72,10,2725
148007,31,11,5623
148016,99,99,28186
148131,261,100,19624
148256,209,44,2387
148292,108,43,1624
148335,351,88,12130
148380,25,4,1561
148405,161,100,14514
148487,302,93,17739
148496,446,100,17081
148584,213,100,20251
148627,703,100,20255
148654,265,85,9263
148672,67,25,2880
148821,116,54,3539
148876,115,85,2701
148937,99,43,2206
148991,42,32,1814
149222,929,83,8285
149231,1400,83,5242
149329,24,92,8034
149365,177,61,2718
149505,146,100,16054
149514,152,99,20840
149532,94,15,4093
149550,15,30,361
149639,21,100,9707
149727,132,14,2744
149772,486,53,5715
149781,531,87,18538
149842,130,9,2236
150048,120,88,2150
150066,388,100,15414
150136,2196,60,7501
150145,295,100,15714
150163,1237,93,18129
150172,94,89,6786
150303,9,12,4279
150400,557,99,33618
150428,14,39,257
150455,264,100,34493
150534,496,100,24976
150604,272,100,16784
150668,200,100,21048
150677,297,93,10520
150756,356,100,25502
150774,101,61,16204
150941,181,76,13357
150987,890,15,585
151102,1166,78,2676
151111,2573,65,5231
151263,1200,99,16382
151290,427,99,15265
151306,1030,63,4127
151324,1597,67,3534
151333,199,32,2207
151342,487,56,2129
151351,5715,71,8057
151360,119,19,3000
151379,192,20,2611
151388,195,45,3587
151458,17,22,706
151467,13,13,654
151607,11,42,518
151652,11,18,186
151661,14,3,1365
151777,408,100,21101
151786,422,100,22310
151801,717,100,13439
151962,1,2,2500
152080,1143,55,40183
152099,112,97,18976
152318,492,99,21230
152336,336,98,16050
152381,161,99,18417
152390,402,100,27350
152497,3,25,1667
152530,522,98,18476
152567,599,93,20500
152600,752,99,27052
152637,472,31,3253
152673,274,100,32039
152992,130,72,20088
153001,200,100,22474
153074,14,38,1069
153083,6,19,800
153108,279,100,24275
153126,185,100,20556
153144,392,100,32297
153162,296,100,27661
153214,375,21,1289
153241,1,100,18525
153250,358,98,16107
153269,749,100,23903
153278,462,90,15803
153296,178,72,2817
153302,47,100,9041
153311,175,43,1523
153320,77,100,8365
153339,5,71,150
153366,267,100,20384
153375,328,100,15187
153384,403,87,36905
153445,181,23,1439
153472,256,41,3105
153524,669,61,1902
153533,213,58,2795
153588,3,15,448
153597,13,48,2462
153603,4697,79,7041
153621,134,78,9926
153630,378,43,4486
153658,2684,57,9338
153737,502,25,2711
153746,8,67,294
153764,22,45,663
153773,15,23,1021
153782,8,50,322
153825,360,100,20771
153834,554,100,30061
153861,17,94,9938
153922,150,56,2413
153977,14,44,1986
154004,345,100,18218
154013,239,100,19788
154022,144,25,4412
154059,375,61,2260
154095,1060,64,2883
154101,271,100,17760
154110,124,33,591
154129,65,27,2145
154165,3,38,2500
154235,505,100,17343
154262,3,38,1833
154332,26,47,161
154341,21,64,529
154350,360,100,25849
154378,164,38,3091
154396,133,51,1630
154448,10,33,925
154466,1,9,250
154493,172,96,20571
154518,208,85,12356
154527,451,96,27835
154572,302,52,1464
154590,281,99,12436
154642,238,72,2172
154688,244,100,19039
154697,324,90,4585
154712,570,100,18986
154721,286,98,21158
154749,107,100,17196
154800,640,51,2135
154855,110,87,14119
154907,129,41,3197
154925,470,91,1482
154934,131,62,3055
154952,387,69,3802
154998,235,67,3196
155007,46,96,3939
155025,523,80,3672
155052,24,27,1520
155061,723,76,3462
155070,42,100,6574
155089,173,100,14791
155098,214,71,1754
155104,318,73,1933
155177,132,100,16337
155186,330,79,2173
155195,568,70,3056
155201,168,76,1961
155210,335,23,1859
155283,31,7,1204
155292,99,17,3569
155308,25,49,2559
155317,2998,73,9075
155335,173,96,19624
155399,2631,77,6971
155414,146,100,16662
155423,28,13,1109
155450,169,78,1969
155487,12,18,708
155496,66,96,6622
155511,175,100,16185
155520,160,96,18613
155566,207,73,2854
155593,59,36,680
155618,133,58,1835
155627,237,100,17431
155681,584,61,2627
155715,201,79,2535
155812,134,100,16451
155830,2,3,3355
155858,76,26,2132
155900,186,100,17682
155937,154,100,13937
155973,163,100,16678
156082,458,63,5351
156107,85,20,1660
156125,1149,69,4490
156189,187,92,3734
156213,267,98,13791
156231,53,14,1772
156286,652,100,28913
156295,438,100,37539
156338,135,27,2064
156356,203,98,17059
156365,564,88,14977
156392,71,5,2605
156408,357,100,27585
156417,14,100,4063
156471,8,3,1906
156541,463,99,14636
156620,1549,65,6357
156648,242,32,1420
156745,262,100,28110
156790,60,17,1985
156851,88,44,1442
156860,61,22,1631
156921,34,4,3818
157021,29,94,2386
157030,12,100,2241
157058,264,91,5779
157076,249,100,14705
157085,3843,77,10178
157100,152,98,9573
157216,536,98,16449
157289,2180,80,8336
157304,89,34,1607
157331,46,10,2681
157377,198,98,12115
157386,1085,74,5894
157401,1169,89,7524
157438,38,11,2650
157447,1612,83,6222
157483,37,5,2805
157535,288,100,8904
157553,102,18,1812
157614,8,30,806
157650,19,45,370
157669,8,28,122
157678,15,34,182
157711,152,19,2652
157739,77,19,2235
157748,78,49,1428
157757,175,97,8425
157793,302,77,7916
157809,484,100,16312
157818,298,100,21364
157863,211,97,14248
157951,1986,69,5823
158088,26,7,749
158246,32,22,1424
158431,106,13,3017
158477,168,99,32506
158644,14,78,225
158662,28,2,1765
158802,369,99,8836
158884,2,1,2411
159009,208,23,3540
159382,215,54,1269
159391,4374,75,6820
159407,222,28,3459
159416,173,61,4772
159513,2,5,750
159522,7,20,1286
159568,242,95,7456
159647,1756,81,5897
159656,753,98,25497
159717,676,52,4138
159939,504,50,4029
159948,5,18,776
159966,595,46,4171
159993,970,75,6710
160010,4,3,2346
160038,957,65,4949
160065,13,17,5562
160074,34,52,5603
160126,2,67,33
160320,33,6,3265
160409,2,9,10219
160481,21,6,1325
160524,35,32,725
160579,87,15,1191
160612,1355,67,2473
160621,827,63,4124
160630,20,11,1152
160649,24,6,5400
160658,1539,57,5049
160667,42,8,2147
160755,1454,76,30990
160904,752,87,12584
160959,82,100,35323
160977,216,40,43427
161004,260,51,46082
161022,1,33,750
161077,211,45,1907
161086,248,43,50717
161138,146,41,1182
161192,83,41,1153
161208,8,50,5938
161217,161,64,2410
161226,350,90,4023
161235,84,60,2977
161244,82,87,3234
161253,2207,99,7572
161299,87,39,6089
161341,124,75,2668
161457,635,100,19730
161484,95,70,1336
161493,26,37,359
161509,97,100,14900
161518,277,97,21543
161527,17,21,100
161545,284,33,1392
161554,826,90,5316
161563,240,98,14278
161572,182,98,11938
161581,21,18,1089
161688,183,46,1262
161767,112,9,1771
161864,83,14,2223
161873,62,82,2695
162007,393,44,3479
162061,69,83,9912
162104,111,37,1314
162122,156,15,1314
162168,111,45,1354
162210,171,99,10049
162283,202,52,5561
162557,170,22,1456
162584,539,73,3179
162609,109,54,2747
162654,431,100,28830
162690,93,23,1480
162706,135,18,1650
162760,238,100,26188
162779,284,28,1320
162928,855,60,41324
163028,4,1,894
163046,962,90,26907
163204,23,11,1013
163268,1352,76,6276
163286,2451,40,8060
163295,402,95,19977
163338,272,54,4073
163347,143,69,49
163408,9,6,500
163426,779,39,1389
163453,559,42,5528
163462,548,100,25058
163532,25,74,9427
163578,221,98,23825
163657,147,20,3321
163851,872,68,3728
163912,346,92,8081
163976,120,98,34048
164076,1456,49,5426
164173,581,96,19933
164216,309,100,30408
164270,415,100,34006
164313,83,24,2005
164368,162,76,16430
164447,344,100,24732
164465,304,62,55042
164492,316,99,24054
164562,551,100,24468
164580,234,43,40923
164614,8,100,4175
164632,127,95,19718
164641,15,60,10338
164720,304,100,18910
164739,761,75,26366
164748,536,45,22681
164775,23,14,1460
164845,15,25,110
164872,4,21,5875
164924,1025,44,42294
164988,1759,49,40819
165015,583,65,34040
165024,586,40,2711
165033,14,1,1230
165060,7,100,1214
165112,242,26,298
165167,1,11,1000
165194,44,16,1163
165255,3,5,400
165334,543,93,24820
165529,581,100,25022
165574,451,95,23229
165608,1,7,625
165644,140,100,16354
165662,694,75,20784
165671,596,100,24067
165699,707,93,14186
165802,187,89,19160
165820,424,59,2038
165866,388,51,2075
165884,207,99,7657
165936,410,96,20934
165981,26,20,1167
166018,278,99,29628
166027,945,57,53138
166054,9,100,19300
166124,565,65,32658
166133,242,31,415
166391,371,97,23006
166452,365,98,11721
166489,8,89,21538
166498,3,8,75
166513,1599,77,8460
166629,4107,82,7847
166638,1701,75,7463
166647,15,3,1225
166656,677,99,12261
166674,326,90,4413
166683,665,60,47150
166692,171,43,10615
166805,1,8,500
166823,174,21,499
166850,1111,99,22521
166887,184,24,1058
166911,100,99,15293
166939,461,73,33101
166957,94,24,1148
167057,103,94,19572
167260,354,100,20656
167288,226,88,4296
167297,17,55,8002
167312,194,32,434
167358,2070,75,32741
167376,45,8,618
167394,141,100,22275
167455,62,100,25361
167534,224,29,773
167598,228,100,24950
167729,769,70,3025
167783,393,100,25804
167792,135,93,31148
167835,410,67,42042
167871,2,7,2500
167899,523,99,21125
167905,256,38,714
167987,1305,93,5567
167996,650,100,23744
168005,1156,94,20112
168148,574,37,45424
168218,353,57,49896
168227,1013,100,13750
168254,726,97,19776
168263,429,43,2726
168281,489,99,36725
168342,270,51,53859
168421,1257,99,24005
168430,441,50,1806
168528,633,100,25582
168546,428,100,37255
168591,404,100,27679
168607,89,33,1631
168740,289,99,15863
168786,332,100,20729
168847,209,41,3525
168883,69,25,1701
169080,821,100,18886
169187,2,13,1000
169248,2437,90,7440
169275,228,35,1851
169284,32,34,230
169327,48,89,10924
169363,224,100,15661
169442,243,98,16798
169479,557,96,9273
169503,13,15,288
169521,117,13,1619
169655,35,15,2307
169716,562,100,15751
169734,8,13,850
169761,15,44,560
169798,2151,91,6082
169910,1326,72,4894
169974,68,43,1839
169983,359,99,18915
169992,59,30,1350
170000,85,86,6276
170037,266,94,11460
170055,146,10,1277
170082,3054,71,6027
170091,22,88,6687
170240,39,3,1577
170286,327,96,18548
170301,759,95,15765
170444,90,19,2128
170532,400,98,32983
170541,279,35,1592
170550,17,9,1729
170587,30,29,1716
170620,143,40,2075
170639,353,86,6522
170657,175,15,2185
170675,324,86,14095
170790,188,12,1302
170806,206,96,11284
170967,128,94,10785
170976,3434,52,17962
171100,4093,48,10118
171128,1159,93,10546
171137,853,81,7873
171146,490,76,5107
171155,54,14,1650
171225,154,46,1712
171234,13,15,976
171304,84,17,1157
171395,70,31,3170
171456,1181,73,4873
171483,111,24,2878
171492,248,95,17749
171535,139,17,2027
171571,2360,88,8291
171599,298,99,15003
171881,24,100,7142
171988,21,40,263
171997,50,53,362
172015,46,54,342
172033,2,67,17000
172051,1495,95,5379
172200,252,36,519
172264,287,99,16231
172291,61,15,1488
172307,212,52,2013
172334,192,100,17063
172440,108,100,9230
172617,112,16,3019
172635,7,1,2491
172644,2786,94,6426
172671,44,39,1262
172680,2,8,1000
172699,1475,49,6789
172918,152,37,1226
172954,1,1,825
172963,42,6,1155
173045,416,100,20444
173063,77,23,909
173115,9,9,1411
173124,325,44,2474
173142,174,99,16710
173160,607,100,21363
173203,86,19,843
173258,302,57,38011
173300,597,100,23872
173328,240,98,7758
173416,58,15,1079
173452,154,79,4273
173461,1,0,2583
173559,32,4,1427
173638,8,2,341
173647,643,99,30475
173665,538,100,23732
173708,19,6,970
173735,19,13,1539
173744,67,36,371
173799,18,5,1667
173805,35,15,1300
173902,484,78,35374
173911,71,19,945
173920,687,29,3153
173957,10,100,3000
174020,1,1,1593
174066,3537,59,5640
174075,194,91,5863
174127,173,99,19012
174136,12,2,2037
174154,14,47,3467
174190,16,16,639
174233,1610,73,3013
174251,347,94,7506
174358,493,63,2201
174376,22,5,751
174428,61,6,1187
174437,217,99,11180
174473,3,1,715
174491,409,100,16127
174525,18,82,5580
174738,42,6,955
174747,435,100,27798
174756,41,7,1084
174783,733,59,2807
174792,398,100,28217
174817,306,100,23322
174844,788,97,30596
174862,147,97,10384
174899,394,99,20619
174914,1674,95,23233
174978,9,26,117
175005,399,100,24068
175014,18,13,801
175041,3,0,1019
175078,276,82,2463
175120,499,100,2445
175157,42,25,180
175227,89,38,5010
175263,1,1,279
175272,693,45,2833
175315,9,1,1071
175342,282,47,8450
175421,188,94,14241
175430,120,94,7830
175519,209,41,2605
175573,206,28,2520
175616,185,65,5169
175643,327,46,2491
175652,346,43,3498
175786,709,29,2784
175810,599,54,2046
175829,747,53,2404
175856,514,62,6506
175883,346,35,2742
175935,327,47,2466
175980,244,100,29133
176008,218,40,1388
176017,2158,63,11047
176035,119,64,4171
176044,136,38,6476
176053,510,99,13458
176071,906,48,2578
176080,3113,86,9969
176169,802,70,2042
176178,703,40,1913
176239,767,68,2603
176318,138,55,2714
176336,30,100,1573
176354,305,48,2734
176372,1227,61,5761
176406,62,41,9419
176479,158,98,9004
176628,168,100,9297
176664,35,97,4409
176770,1,100,750
176789,36,77,2215
176910,32,97,8481
176947,323,100,14339
176965,911,62,3858
176983,5,9,900
177038,1,50,1000
177065,161,50,13080
177083,8,100,1938
177117,96,100,11069
177135,181,22,2079
177144,288,100,15451
177214,359,100,17965
177250,42,8,2170
177302,90,59,386
177339,329,88,14169
177418,180,98,18686
177472,195,10,864
177542,116,90,11323
177551,307,61,5225
177676,106,13,4170
177746,138,99,19788
177940,195,49,5045
177968,1042,99,10203
177977,39,6,2522
177986,9,50,3611
177995,235,9,1738
178059,656,98,16690
178077,3,20,3333
178208,14,47,661
178217,100,19,4897
178244,246,98,15825
178341,603,70,2801
178369,506,100,12398
178387,734,77,5027
178396,3576,77,8802
178402,858,73,4400
178411,1061,81,7070
178420,430,92,10879
178448,120,14,849
178466,8,57,597
178615,1083,99,5892
178624,1189,90,5690
178679,130,98,4698
178697,314,100,15386
178721,119,55,5624
178891,238,57,3719
179043,402,100,27161
179052,12,34,467
179159,1459,97,27530
179229,1,14,75
179256,7,100,9323
179265,105,98,15530
179308,155,7,1303
179326,342,78,15745
179344,63,17,3622
179511,57,66,136
179539,139,15,2567
179548,117,100,18804
179557,1212,83,5134
179566,1906,63,3420
179645,138,24,3226
179715,119,34,1846
179867,732,41,45995
179894,462,96,17467
179946,170,99,16259
179955,167,100,23020
179964,183,97,14591
180054,43,70,912
180081,24,18,3074
180106,253,100,23185
180151,50,68,4138
180179,322,60,3111
180197,94,38,3150
180203,15,38,741
180212,36,86,1839
180249,16,10,1712
180258,134,99,14462
180276,43,32,2523
180373,72,59,3946
180416,187,68,6381
180461,2004,71,5513
180489,750,55,5557
180522,70,39,3647
180595,252,100,19100
180647,64,53,2212
180692,152,63,5654
180771,7,64,614
180814,48,54,7249
180832,10,56,1370
180878,25,42,1758
180902,214,36,801
180948,289,79,4834
180957,17,38,118
180984,356,100,20508
181002,1143,99,21837
181020,258,99,20472
181127,263,100,20328
181190,22,39,1591
181215,685,73,5178
181297,38,90,4496
181303,261,38,2435
181312,250,76,3012
181330,329,100,19956
181376,31,100,7367
181394,1208,56,3940
181419,6,55,1260
181446,487,100,20879
181464,3917,82,7401
181491,366,41,1935
181534,187,85,3357
181543,3,75,1105
181604,119,100,13498
181640,583,56,1443
181738,154,100,10567
181765,35,29,1747
181783,344,48,2441
181817,302,95,3228
181853,122,100,10292
182005,1224,39,886
182281,1028,26,3782
182290,1834,50,2970
182306,26,10,950
182458,78,98,17762
182500,219,24,1950
182564,175,51,978
182634,233,99,29046
182670,544,47,48576
182704,5,22,1000
182795,455,99,23949
182892,6,10,500
182917,24,100,20101
182953,13,33,539
182980,444,95,22323
183026,926,33,16725
183044,2568,85,11458
183062,902,95,6975
183071,70,75,5931
183080,1076,98,6976
183099,4,1,500
183105,3,2,358
183114,5,14,950
183123,1,1,500
183132,14,4,621
183141,6,3,954
183150,63,31,137
183202,8,23,1438
183211,267,100,18169
183239,585,99,24152
183257,3,7,2699
183275,23,96,14315
183488,132,97,1062
183655,74,9,1905
183725,120,39,699
183789,396,94,5320
183822,388,99,12902
183859,102,6,1137
183877,103,7,2874
183910,488,99,21664
183938,19,2,1032
183974,223,100,19011
184056,6,2,6712
184092,15,4,4609
184180,58,6,1004
184205,111,21,1987
184348,411,98,24025
184427,2,1,4038
184481,34,3,3738
184506,13,35,388
184603,525,99,26746
184612,288,100,19914
184694,665,100,28833
184773,279,100,19016
184782,1212,45,6354
184791,95,6,3256
184816,12,27,119
184959,49,92,1667
184995,22,1,3868
185129,553,58,3578
185174,2,6,3000
185262,515,29,2359
185396,18,2,6602
185466,169,37,1003
185509,50,5,1572
185536,57,3,1351
185572,1042,99,18958
185590,1199,38,3786
185828,802,65,11800
185873,24,1,1104
185970,15,68,2420
186016,48,47,348
186034,95,17,723
186052,51,14,946
186131,827,62,50139
186186,39,72,5464
186201,348,37,7908
186283,915,100,24921
186371,748,92,7778
186380,2801,40,8206
186399,456,35,6041
186432,562,100,23172
186469,2,1,2535
186584,1517,100,22787
186618,176,97,19527
186645,64,6,1184
186867,992,98,25453
186876,955,60,5773
186900,1,25,4068
187134,634,41,7382
187198,149,10,1755
187444,368,22,6977
187505,182,22,93
187532,603,27,672
187596,31,15,709
187620,45,4,1574
187639,3,1,272
187648,161,29,1390
187666,29,8,3959
187745,37,90,2681
187897,202,72,3876
187903,88,49,1382
187912,232,96,6139
187958,20,9,935
187967,244,80,3344
187976,7,11,712
187985,1822,70,3420
187994,66,51,1205
188003,23,23,1051
188021,10,20,2440
188030,2180,97,7943
188049,53,26,1048
188058,6,4,1055
188100,223,38,1011
188137,45,17,923
188182,57,89,3954
188216,17,15,1246
188225,23,27,937
188261,50,61,1256
188304,128,52,9310
188340,247,81,4191
188429,1123,91,19850
188438,57,7,1279
188517,34,79,6831
188526,191,100,15149
188641,436,100,18618
188669,5,15,3500
188678,90,100,6690
188696,74,94,6298
188854,562,100,9288
188890,413,46,1551
188915,4,33,4334
188942,22,35,1129
189088,346,71,43130
189097,253,42,46872
189228,399,97,9724
189273,12,52,3846
189404,17,26,60
189468,53,34,105
189547,340,22,1182
189565,81,82,6654
189583,50,51,4412
189592,27,54,3979
189705,461,95,16039
189839,40,9,2301
189848,204,100,26832
189857,28,72,2067
190044,797,100,35271
190053,24,12,944
190099,342,42,46527
190114,25,89,2541
190150,757,52,52969
190169,29,13,1516
190239,10,24,128
190248,89,59,19176
190372,220,100,33430
190415,1517,46,43096
190442,65,11,2745
190451,9,69,1747
190503,379,80,15213
190512,132,8,5534
190521,47,1,1747
190549,102,6,4270
190558,33,1,5090
190567,98,5,5153
190585,300,26,315
190594,452,17,3162
190600,60,3,2712
190619,634,32,517
190628,791,34,498
190637,14,1,5113
190646,291,25,319
190655,2,0,50
190664,88,5,5230
190673,3,0,243
190691,7,1,1257
190707,1,20,1000
190716,228,100,13755
190725,338,100,17409
190752,5,50,5957
190761,299,100,17548
190840,91,6,2109
190983,206,100,28743
191083,101,5,975
191126,219,17,875
191199,39,4,524
191205,111,79,5214
191241,2046,90,28521
191287,34,33,8336
191302,34,8,461
191311,6,6,15710
191339,106,17,1287
191515,265,55,43722
191533,407,100,32022
191612,58,13,1032
191621,218,99,8447
191630,595,97,32262
191649,1508,97,25492
191676,237,92,17371
191719,110,5,1243
191931,850,100,19850
191959,9,22,2722
191968,1590,95,25526
191986,207,30,3126
192004,99,89,3885
192022,110,17,1700
192040,25,81,25090
192110,106,88,32335
192165,13,32,4706
192192,327,99,19223
192271,261,90,7468
192323,656,100,22218
192448,873,91,21134
192509,71,39,741
192624,27,100,2433
192703,787,96,24111
192712,104,75,25814
192749,385,98,24360
192785,3,14,1590
192819,1162,89,17305
192864,462,98,15169
192925,300,82,16944
193016,841,95,7368
193052,4,100,9253
193061,5,83,4820
193070,7,47,4286
193201,8,8,590
193247,29,91,5206
193265,4,6,1000
193283,5,0,3832
193292,553,93,14290
193308,898,87,5581
193326,331,13,1890
193353,388,100,17465
193399,412,100,24501
193584,526,97,17253
193609,1,8,8100
193654,1596,91,18053
193900,2805,46,31050
193946,102,11,1553
193973,509,99,24999
193991,2,25,150
194091,823,98,22950
194116,2,15,2500
194161,188,99,14223
194222,223,13,958
194240,74,7,2210
194310,1926,97,27652
194392,185,99,16937
194499,29,10,2400
194569,14,88,6576
194578,608,72,21436
194657,39,100,8333
194693,9,56,5232
194736,40,91,4560
194763,67,88,9331
194824,1495,84,29339
194958,220,96,18511
195003,2664,94,20437
195030,1177,77,38321
195058,45,4,1494
195067,60,32,108
195128,365,99,17304
195164,550,100,22851
195173,561,100,15167
195216,639,100,34625
195234,609,99,20608
195243,268,99,21340
195304,352,83,31518
195322,48,9,1201
195438,1,100,10750
195474,727,98,25557
195526,330,49,45076
195544,197,99,13836
195562,428,96,13700
195720,601,100,16677
195809,3099,100,23895
195988,39,13,2939
196006,1013,83,2380
196015,616,85,1821
196024,635,81,2105
196033,546,80,1962
196042,777,59,1153
196051,709,87,1820
196060,1794,65,3001
196079,1485,51,3271
196088,2921,69,3321
196097,2321,69,4666
196103,332,87,3802
196112,382,90,2431
196121,972,77,2005
196130,1482,85,1746
196149,745,61,2098
196158,1057,90,2786
196167,840,63,1775
196176,739,64,2066
196185,863,65,2532
196194,1353,91,2853
196200,809,93,3387
196219,522,59,2491
196237,561,76,1617
196246,910,80,3951
196264,75,66,1547
196291,162,46,2662
196413,2823,79,25771
196431,24,89,3948
196565,105,18,1904
196583,3,100,4120
196592,400,85,6705
196653,65,80,2185
196699,127,30,1056
196866,470,82,29704
197018,255,57,3232
197045,525,89,7087
197133,360,53,46417
197142,123,98,8162
197151,495,56,14511
197197,416,100,26071
197221,25,100,51291
197230,147,100,30070
197285,154,95,5119
197294,43,2,550
197531,324,99,4853
197601,26,74,2125
197647,25,100,7982
197674,35,66,5157
197692,19,63,7200
197708,477,86,26834
197735,15,16,5180
197744,7,70,5953
197814,23,14,1336
197869,1224,36,3786
197887,45,10,991
197911,277,100,16594
197966,28,32,1181
197984,384,98,7295
197993,184,79,15087
198011,3,11,500
198039,12,8,1969
198066,263,99,15123
198084,19,9,825
198109,4,29,1194
198118,22,8,700
198136,797,98,21405
198154,87,10,1258
198206,12,9,813
198215,335,99,21373
198233,42,7,1352
198251,97,17,1417
198260,79,6,2298
198303,397,100,12062
198330,13,3,1862
198367,14,8,976
198376,38,12,679
198385,344,67,39648
198419,822,47,50659
198455,162,68,903
198464,1866,45,3613
198491,26,18,2078
198507,282,68,3605
198516,1032,61,12877
198534,124,12,1300
198543,479,78,3853
198552,55,9,973
198561,407,100,19748
198570,2,1,275
198598,180,99,16555
198613,354,99,23196
198622,42,5,849
198640,10,7,769
198668,54,33,1250
198695,1233,87,12579
198710,112,47,2726
198729,1,2,2600
198756,233,67,8002
198774,15,4,1121
198808,222,100,16058
198817,17,12,1297
198835,499,100,25735
198862,272,70,4137
198871,302,93,3480
198899,257,98,22519
198905,6,11,500
198914,16,25,1165
198923,2,2,2500
198950,391,98,18235
198969,363,98,18364
198987,34,13,878
199023,19,26,2546
199032,147,100,12593
199069,232,92,9514
199087,39,12,1395
199102,1454,67,3395
199111,712,91,3792
199120,1776,41,12482
199139,1521,41,4128
199148,1573,53,3287
199157,847,75,3604
199184,150,62,6932
199193,2361,48,7365
199209,379,98,22645
199218,879,41,3429
199263,3,5,1622
199272,212,100,15298
199281,508,42,2135
199306,269,87,16349
199324,19,22,920
199333,87,10,1451
199412,366,99,21096
199421,29,13,1253
199449,52,22,1392
199458,53,100,3575
199476,20,15,590
199485,38,21,1312
199494,94,15,1184
199582,150,72,7322
199607,99,98,21551
199625,30,36,1066
199634,252,50,1430
199643,225,58,4999
199689,39,87,1006
199698,189,95,14756
199722,76,58,1708
199731,14,9,1615
199740,19,12,1525
199759,30,32,5095
199768,89,30,1078
199786,39,10,1414
199795,3,5,1000
199838,55,32,866
199847,512,36,44705
199856,43,2,960
199865,243,97,22253
199892,10,3,550
199908,29,16,780
199926,105,26,750
199953,24,20,678
199962,950,100,23647
199971,2,13,8800
199999,524,56,2913
200004,1379,63,2134
200013,9,30,989
200022,181,23,1739
200059,81,48,3398
200086,16,30,2422
200156,270,100,11661
200192,132,67,2185
200208,14,88,911
200217,515,97,9303
200226,100,75,2121
200253,290,76,2227
200280,1202,66,3790
200305,151,27,2119
200314,71,44,2283
200332,1008,44,3554
200341,259,86,4265
200466,24,65,3042
200484,34,89,5427
200527,10,8,2100
200554,41,54,3572
200572,145,96,3541
200590,3,25,1000
200785,5,14,2207
200800,2077,76,5348
200846,117,54,3600
200873,12,92,1276
201034,1,0,500
201061,63,100,15920
201098,1,3,200
201104,566,94,11083
201159,2,2,2000
201177,18,60,5003
201195,663,98,19796
201283,57,42,2269
201371,174,100,18567
201432,52,12,1196
201441,2225,68,5985
201469,57,68,3329
201548,589,100,24404
201645,1186,85,30077
201654,910,100,15316
201672,43,22,1700
201690,627,79,1396
201751,7,27,4860
201803,5,6,1300
201821,63,90,4514
201885,2988,56,5340
201928,63,13,2798
201946,176,31,2089
201955,441,32,1696
201964,176,64,5961
201973,82,42,541
201982,3,9,1000
202046,174,99,20414
202073,61,98,24220
202134,1066,55,5182
202152,12,10,1955
202161,4,5,625
202170,241,100,16981
202222,308,15,1847
202356,96,6,3199
202480,2090,95,24911
202514,156,99,15665
202523,630,96,28911
202648,60,26,3361
202657,2,2,1500
202763,560,100,18820
202806,167,94,12597
202903,37,100,2517
202912,2,18,500
203085,328,100,19138
203128,232,100,22827
203146,8,2,7673
203155,97,15,1362
203234,50,51,347
203289,13,46,149
203331,389,65,4904
203368,819,97,27419
203438,6,26,1867
203447,100,54,1256
203456,33,73,1042
203465,176,35,2295
203474,102,48,2230
203483,191,67,1224
203492,61,37,1487
203517,3802,87,6191
203526,15,6,3218
203535,377,70,32860
203544,39,91,4378
203580,194,99,21194
203599,81,21,1837
203614,1,2,500
203678,105,39,2142
203748,339,37,2321
203757,188,98,12251
203775,309,100,19677
203845,346,100,25604
203881,52,30,1616
203960,25,58,2778
204006,100,22,1899
204015,53,21,2054
204024,2762,70,11092
204121,1,4,1000
204158,4,3,875
204176,17,33,1159
204185,616,99,17392
204194,370,99,18682
204200,314,99,17655
204255,74,31,2753
204264,351,95,18268
204422,117,33,2928
204431,21,64,171
204440,56,47,2786
204468,296,100,19616
204486,209,21,2515
204501,694,86,30380
204608,377,56,532
204617,258,100,18431
204635,663,97,20671
204662,231,79,2638
204671,270,75,2273
204680,338,78,2338
204699,409,86,2987
204705,964,64,2061
204714,7,19,857
204769,29,21,1148
204778,16,20,2478
204796,5540,70,9090
204802,31,34,1727
204820,71,26,2127
204839,79,42,2296
204848,71,21,3167
204857,3216,81,5205
204866,71,33,3300
204884,23,44,1912
204909,450,99,31609
204936,576,100,18579
204945,75,9,1882
204963,7,15,1391
204981,2,9,750
205027,1,5,1500
205124,11,58,3689
205142,16,40,1607
205179,11,22,135
205203,116,36,6528
205391,34,41,5347
205443,336,55,4276
205470,578,43,1883
205559,25,83,791
205841,299,31,1191
205957,545,97,10891
205966,53,27,2012
206011,89,37,3066
206048,458,98,13910
206084,2839,88,6383
206154,1,100,4550
206172,5,9,273
206349,96,100,22346
206394,4,50,1463
206437,450,99,18970
206446,49,20,1431
206491,151,65,2694
206507,384,100,11965
206525,484,100,26860
206589,564,99,34233
206604,982,53,4852
206613,67,33,2882
206622,1387,99,20985
206695,1677,73,4849
206817,34,92,8415
206835,187,99,12235
206862,288,99,15393
206905,8,15,2525
206914,277,46,4562
206923,116,32,2654
206932,3,11,2446
206941,933,47,2550
206996,77,15,3065
207041,121,28,2064
207050,145,49,3174
207069,114,44,4420
207102,20,41,49
207157,72,94,6021
207209,177,32,11775
207236,173,46,3906
207254,4,3,9563
207263,415,50,4516
207281,101,14,3597
207290,376,64,6259
207306,229,69,3627
207324,445,99,12477
207351,186,79,2235
207388,2827,80,7691
207397,63,12,2074
207403,527,100,15533
207449,100,9,1378
207458,367,99,17759
207500,3278,86,6662
207564,568,92,1522
207582,540,97,18913
207661,301,54,4668
207670,300,30,3349
207722,169,80,7416
207740,81,29,5935
207847,350,63,6509
207856,122,92,5474
207865,626,65,5058
207935,738,45,2652
207962,564,60,1904
207971,787,98,31850
208035,168,71,3207
208053,31,82,1621
208275,62,23,2521
208318,81,12,2189
208390,128,10,1515
208406,108,15,2209
208479,71,13,2306
208488,244,100,20431
208512,5,16,25
208646,244,81,3539
208725,21,100,6429
208822,593,98,17360
208859,7,15,157
209038,158,16,2254
209056,529,94,28857
209065,323,99,27100
209074,60,7,1830
209153,3,7,100
209241,1,33,1500
209250,89,14,1782
209287,62,97,8988
209409,100,100,17054
209506,249,75,4405
209542,2422,72,6310
209551,2407,59,7060
209603,108,94,14482
209612,412,98,28121
209667,4,8,325
209676,15,16,147
209694,2,4,100
209700,21,26,2190
209807,931,53,3478
209825,998,100,24396
209922,200,55,39726
209940,35,7,1142
210076,3,6,1083
210146,346,56,3102
210155,233,52,3143
210234,113,39,1938
210270,158,42,2826
210304,63,95,5381
210331,209,97,20819
210401,389,100,26179
210429,564,72,3116
210492,66,100,10255
210571,571,99,35243
210599,447,62,92
210669,469,100,35737
210711,2,2,1000
210739,498,100,21582
210775,433,100,17544
210784,2,1,1000
211006,2,1,16320
211024,67,94,12712
211079,28,9,4388
211088,454,96,27315
211149,68,100,7353
211158,336,18,3954
211273,292,75,35903
211291,496,51,32168
211307,29,3,4008
211343,23,3,2088
211352,439,100,18412
211361,803,82,3412
211431,246,100,16703
211440,730,46,39224
211468,206,100,24721
211477,37,66,3538
211556,277,100,21880
211583,166,91,20424
211608,56,55,5292
211635,1,25,2500
211644,513,73,2800
211802,11,44,1659
211893,26,100,5171
211927,20,2,1909
211981,443,100,24200
212009,520,82,36767
212045,7,9,4071
212054,3349,100,28332
212106,1506,100,21357
212115,112,10,4057
212133,395,99,19980
212160,141,24,3789
212197,386,100,29732
212230,14,58,398
212267,14,29,591
212276,16,40,469
212294,17,53,428
212300,15,48,1183
212328,14,50,321
212337,4,10,94
212355,30,43,300
212382,20,43,328
212391,14,33,421
212434,14,19,3022
212577,334,55,43734
212601,712,93,20816
212656,289,95,15597
212674,650,87,33030
212753,17,46,178
212805,386,63,6468
212832,276,100,18760
212869,194,86,8613
212878,13,1,962
212911,167,47,48823
212984,350,99,16497
212993,28,93,3978
213011,178,97,11786
213020,747,36,3236
213181,48,14,2060
213233,47,41,1665
213251,350,100,30611
213303,233,71,10220
213321,537,97,21077
213349,1069,65,1741
213358,199,88,15831
213367,947,91,15429
213376,123,31,4049
213385,357,49,43184
213400,179,95,10664
213455,2,1,491
213507,470,99,27338
213525,147,14,1586
213534,3,1,8934
213543,635,50,40267
213570,9,2,5938
213589,14,6,4165
213598,120,22,9685
213613,366,53,1386
213659,15,2,1505
213668,323,100,31455
213774,75,37,3482
213783,270,83,4020
213826,387,100,20705
213914,5,5,700
213987,631,98,26327
213996,647,100,18068
214041,513,38,3959
214069,410,100,18768
214111,90,9,1693
214148,100,100,18655
214157,448,100,25904
214166,244,96,9907
214175,514,94,31534
214272,420,100,17505
214290,7,1,4671
214379,66,5,1280
214476,1,33,1700
214582,11,14,1472
214777,6774,44,5905
214883,8,80,4631
214944,41,16,963
214971,33,100,21950
215053,54,100,4375
215062,1201,49,48201
215105,425,100,22224
215114,168,90,16021
215132,319,99,6551
215239,124,8,840
215266,267,75,6967
215275,314,79,6375
215284,472,71,5839
215293,1921,47,12717
215309,74,100,3324
215381,14,10,2680
215390,7,13,1046
215415,526,83,3135
215442,597,99,17158
215530,5,14,3200
215585,82,21,2679
215637,15,13,2220
215655,805,99,16833
215691,83,93,9464
215743,348,99,21307
215770,1102,98,24680
215798,417,100,24842
215929,908,97,23366
215947,376,99,22349
215992,6,12,2617
216010,799,59,2811
216038,672,43,2436
216047,1,8,500
216083,1,1,4248
216223,2,3,1000
216278,603,97,32340
216287,230,56,49161
216296,285,54,5756
216311,21,58,7374
216339,3960,79,7840
216357,236,100,17486
216366,555,99,28053
216427,1,17,4135
216436,2,4,9486
216445,5,13,4080
216454,30,68,992
216524,367,97,35260
216542,98,95,10754
216551,168,100,8780
216579,9,13,624
216597,852,51,33223
216667,351,100,32165
216694,312,96,12628
216764,537,19,3813
216782,1,4,2515
216807,348,100,24916
216825,42,7,2756
216852,767,100,28311
216931,625,99,22329
216940,90,100,31001
217013,188,99,11567
217040,3,33,5272
217059,970,99,8087
217077,164,31,2077
217156,709,43,45895
217165,832,96,20701
217235,1416,99,18988
217305,461,88,8349
217402,743,66,29812
217420,447,54,3800
217475,1204,47,448
217484,2598,86,9578
217493,181,38,28386
217518,1018,98,15303
217536,489,99,21508
217581,12,43,273
217606,19,41,2330
217615,46,19,867
217624,193,77,3716
217633,638,100,14868
217688,572,98,14161
217712,1,1,750
217721,581,81,9309
217749,534,90,7537
217776,207,97,11074
217819,1206,55,7899
217828,22,39,101
217837,15,9,809
217864,284,40,13723
217873,472,83,6314
217882,2843,75,6725
217891,20,15,6858
217907,283,99,18660
217925,109,100,13119
217934,157,98,4631
217961,206,99,7767
217989,39,41,3303
217998,167,100,14340
218025,8,1,281
218061,229,32,5314
218070,652,91,27306
218113,38,3,1121
218140,6,1,875
218159,11,24,673
218195,7,30,814
218229,613,70,6809
218238,349,95,12711
218353,12,1,950
218399,52,27,3479
218414,372,99,14169
218441,488,98,10844
218487,20,8,349
218520,71,12,742
218539,310,100,25839
218645,155,29,2578
218654,172,42,2961
218663,3999,68,2836
218672,108,34,1064
218681,60,23,1000
218690,74,30,1451
218706,54,31,1179
218724,1178,51,6893
218733,131,28,10620
218742,206,20,3785
218821,498,99,6559
218830,51,7,2278
218858,18,3,567
218867,6,50,121
218885,131,7,1918
218894,189,14,1076
218919,47,32,4366
218955,2,4,592
218964,594,60,6589
218973,441,95,27406
219000,455,100,20541
219046,210,47,2696
219082,263,68,2423
219091,166,100,13488
219125,12,38,657
219143,130,21,921
219189,102,29,879
219198,120,95,18912
219204,1,14,6908
219259,237,71,3155
219277,85,91,2680
219295,97,100,9678
219347,302,66,3644
219356,1121,53,2819
219374,7,28,1475
219383,297,98,7576
219408,18,51,1752
219426,169,37,839
219453,16,31,1406
219471,813,63,3572
219480,27,19,1307
219505,18,100,294
219587,20,57,2800
219596,14,6,607
219602,443,24,5170
219639,36,37,6515
219709,1376,88,13812
219718,355,87,10047
219790,159,83,15025
219806,470,98,14721
219824,234,14,2526
219833,390,99,18736
219879,109,16,2297
219888,51,3,4612
219903,207,10,1577
219921,10,6,2250
219949,184,31,13895
219976,646,97,18264
220002,39,98,701
220057,183,33,1623
220075,746,38,5926
220127,10,1,900
220163,17,71,937
220181,104,38,18041
220206,66,70,8040
220215,306,99,13475
220321,46,9,629
220400,64,6,3413
220473,142,90,3948
220516,157,84,17590
220552,221,56,10832
220598,89,26,6836
220604,31,21,4919
220613,717,82,10375
220631,214,74,16051
220640,14,2,457
220701,270,98,13844
220710,282,100,22274
220853,1,0,445
220862,1923,79,4137
220978,934,33,4911
221050,19,3,1312
221096,127,8,2959
221102,3,1,1312
221148,45,4,1822
221184,17,1,2804
221236,12,3,500
221281,9,6,1066
221333,52,14,771
221351,507,93,30345
221388,1,1,150
221397,113,11,3304
221430,12,4,814
221485,169,9,4277
221494,35,8,586
221519,466,98,24270
221582,6,3,500
221591,59,24,823
221616,40,7,672
221634,7,4,533
221643,64,3,2492
221661,482,98,8702
221731,188,100,15037
221740,1270,57,5106
221759,2810,54,7493
221768,900,80,3012
221838,485,40,6342
221847,896,48,4001
221892,364,100,14396
221908,117,9,1310
221953,271,98,15919
221971,376,100,16059
221999,990,62,42932
222053,105,5,1643
222062,228,16,3021
222105,28,45,1146
222178,905,100,18865
222567,126,24,1382
222576,176,18,612
222822,117,27,1734
222831,957,63,2953
222877,21,54,4321
222886,6,2,1000
222938,43,65,2168
222983,435,100,27527
222992,414,17,1147
223232,3122,93,23028
223320,97,21,1240
223427,372,8,1540
223463,58,36,934
223506,79,32,1604
223524,18,7,1451
223773,27,9,1536
223816,108,15,1062
223898,157,36,1972
223922,161,67,1995
224004,212,100,16146
224110,196,21,2623
224147,197,10,1519
224156,4,5,813
224226,498,93,11076
224244,48,98,2500
224271,1,2,1250
224323,374,99,26819
224350,133,25,1379
224527,394,99,11772
224545,105,45,4016
224554,403,38,4528
224572,18,5,1019
224615,14,9,1378
224642,68,2,3494
224660,11,2,909
224679,30,2,1214
224776,29,78,3630
224828,2,7,1875
224891,44,28,3543
224961,39,25,1949
225070,25,5,1073
225201,35,11,3492
225247,480,100,15847
225308,288,40,3297
225371,229,42,2112
225399,510,100,17757
225414,97,39,4421
225423,266,7,1714
225432,471,48,2421
225502,232,76,2078
225511,2954,60,5002
225520,140,34,3852
225548,205,83,12815
225575,85,39,3533
225627,803,98,14490
225876,70,62,3165
225885,198,57,6725
226019,260,30,2593
226091,255,18,4105
226107,31,11,956
226116,81,27,3845
226134,158,15,1469
226152,585,44,3392
226204,73,18,1931
226231,302,98,16407
226277,36,5,3511
226383,273,93,8350
226408,69,19,1309
226471,806,92,10405
226578,288,29,2952
226587,211,96,14588
226806,206,45,3714
226833,662,74,5343
226860,1,3,2000
226903,268,23,1671
226930,71,20,1430
227058,32,45,1705
227146,134,11,2632
227182,497,8,1388
227191,12,5,1983
227216,2403,50,5531
227225,57,12,4331
227304,141,27,4325
227313,22,8,1899
227322,33,10,1588
227331,371,99,15156
227368,1973,47,2908
227377,43,9,820
227386,147,42,4020
227401,209,32,2677
227429,64,53,2000
227526,1207,55,5739
227687,110,31,5734
227757,556,58,42560
227766,32,7,1573
227845,754,94,28156
227854,33,10,2041
227863,336,96,19151
227881,251,9,5958
227924,84,9,1775
227979,50,2,1272
228042,319,89,12881
228149,636,100,18244
228158,226,15,1985
228246,1214,80,33204
228316,100,19,641
228325,237,80,5963
228343,440,100,25422
228431,1142,52,3852
228459,732,12,4957
228468,124,98,6403
228486,15,43,3016
228501,127,37,1853
228529,669,33,2387
228547,453,11,1070
228608,27,8,4874
228699,75,19,3009
228705,496,41,4163
228723,5514,55,6962
228769,2117,62,4982
228778,3406,39,5158
228787,2524,67,10179
228796,968,33,2649
228802,481,58,10684
228875,1651,75,26595
228884,61,22,2493
228981,363,100,17949
229018,256,71,4007
229027,1902,39,2947
229063,459,31,4325
229115,3139,52,4901
229160,293,99,17041
229179,774,63,3847
229267,682,99,26589
229355,519,19,4491
229416,408,51,1906
229504,59,21,3591
229540,115,29,967
229780,234,83,3445
229799,120,16,3793
229814,534,46,2505
229832,69,28,3325
229841,152,11,2793
229887,46,37,8319
229957,9,39,412
230010,27,7,981
230038,2751,49,4041
230047,358,68,4195
230056,2,10,3739
230065,34,64,2264
230162,23,11,653
230171,337,17,2949
230214,6,26,4291
230366,1,5,500
230418,193,48,1480
230490,37,16,1292
230597,966,69,2202
230603,1675,82,5822
230621,14,67,3543
230630,8,80,5768
230676,96,81,1875
230728,2999,73,7922
230737,1561,43,3810
230746,199,11,1954
230764,2797,70,6343
230782,1802,72,3525
230807,429,99,21905
230816,164,83,36694
230834,389,92,7897
230852,529,99,20833
230861,39,20,421
230889,1,20,500
230913,378,95,6247
230940,36,97,30618
230959,315,50,46885
230977,22,96,11469
230995,677,100,28778
231004,7,12,500
231059,447,100,27741
231095,16,84,26706
231165,169,76,4496
231174,2334,93,16007
231411,43,20,3502
231420,290,100,18224
231536,62,13,1695
231554,212,94,10833
231581,585,99,27084
231624,643,42,16601
231651,311,96,10156
231697,44,11,2590
231712,574,47,3669
231785,120,86,5257
231837,56,89,7183
231873,58,39,1753
231882,51,15,1240
232016,2,17,1000
232025,268,100,24751
232043,197,99,21466
232052,10,18,2606
232089,401,96,20249
232186,1353,37,8664
232195,90,11,1281
232256,341,99,24355
232265,631,70,14701
232308,199,100,31667
232414,56,10,1523
232423,881,19,6898
232450,47,6,2207
232557,2956,81,10039
232566,691,69,4573
232575,71,11,2224
232609,516,100,24014
232618,1,10,4000
232672,376,98,20754
232681,810,88,4277
232706,405,98,17252
232788,132,47,2071
232797,86,88,2471
232867,81,15,1353
232937,496,46,4647
232946,1429,25,1719
232982,2385,76,3833
233019,1,0,5664
233037,15,11,626
233116,28,8,2732
233277,743,42,5300
233295,420,100,24273
233301,166,100,26072
233310,64,34,1902
233329,23,52,151
233338,104,24,1709
233374,438,53,42264
233426,573,99,29620
233541,443,100,14211
233602,15,100,1657
233611,299,98,5018
233639,52,24,1623
233648,150,44,2496
233718,102,93,9655
233754,91,11,1247
233772,153,7,2392
233897,227,74,6630
233903,52,16,1340
233921,2225,36,5405
233949,185,26,2915
234030,2697,60,5731
234076,1347,35,20701
234085,308,68,13729
234137,64,73,1473
234155,573,62,1414
234164,73,43,8334
234173,352,99,21036
234207,268,57,49042
234377,170,57,1923
234669,99,13,1686
234696,2,17,220
234711,120,38,963
234827,1386,71,3361
234845,79,25,2061
234924,4,14,1750
234933,237,24,1071
234951,10,4,1451
234979,123,14,1163
235024,141,100,15891
235088,4,1,1000
235097,1226,71,3363
235103,89,25,2541
235149,134,22,2082
235167,218,72,5405
235237,19,5,1715
235316,1187,99,21660
235334,63,24,1091
235343,63,9,1630
235422,82,86,6138
235431,85,24,1791
235501,42,12,976
235583,17,17,1908
235671,21,13,1632
235699,9,6,1178
235750,12,6,936
236072,14,8,2066
236133,214,98,17553
236188,33,8,1915
236230,645,99,25716
236258,71,44,2384
236328,649,99,24493
236382,32,18,1194
236452,232,97,21896
236504,13,6,938
236513,32,16,2233
236577,698,99,25259
236595,1028,96,22834
236610,34,12,1300
236638,109,27,1272
236656,39,8,2137
236692,123,16,1467
236708,101,10,1702
236744,1,2,9807
236753,104,14,1552
236887,149,36,1377
236896,398,99,13192
236939,3735,74,5553
236948,2848,40,7614
236975,98,23,1727
237011,2218,71,3700
237039,54,18,1268
237057,367,86,25282
237066,677,97,27720
237109,75,17,1123
237118,253,99,17051
237136,38,100,6473
237172,1,3,1857
237181,165,93,20502
237215,66,33,1387
237242,3,9,1600
237312,264,90,18265
237330,327,77,6447
237358,195,99,19245
237367,629,78,2503
237385,165,57,3574
237437,2,7,5737
237473,12,10,2327
237525,1346,81,5517
237543,1,3,500
237640,75,95,11613
237686,33,10,1825
237701,264,50,1744
237729,3,8,1416
237783,69,35,11963
237792,395,68,4450
237817,27,7,3026
237899,174,54,5721
237932,140,31,5416
237950,238,66,3692
237969,319,99,22375
237987,8,18,1194
237996,37,41,1738
238014,38,15,1267
238032,3601,76,6316
238078,272,91,20687
238175,6,11,4092
238193,184,99,13901
238263,136,18,1517
238324,46,98,2583
238333,262,98,35052
238430,130,100,18797
238458,711,100,18297
238476,745,98,27236
238616,559,100,17252
238661,246,96,13618
238722,54,20,948
238759,49,10,1399
238980,212,100,16487
239008,23,21,1809
239017,396,100,32111
239071,114,83,4390
239080,287,93,13870
239105,2162,100,21668
239220,6,7,756
239248,65,6,1686
239309,236,100,19448
239318,594,99,24579
239372,37,15,915
239390,140,99,16397
239460,28,13,703
239488,70,18,767
239512,144,99,24229
239628,263,99,27877
239716,618,100,20918
239743,48,100,12351
239877,10,56,312
239910,83,33,731
240107,292,100,16416
240116,51,8,2184
240125,29,10,1175
240170,175,28,1446
240189,342,16,1936
240198,29,12,532
240268,1024,42,1405
240277,234,19,3237
240329,464,21,2589
240338,292,100,18357
240365,230,10,2543
240374,70,12,1765
240392,32,40,3090
240417,545,40,1514
240426,81,25,3044
240444,2336,34,8786
240453,890,23,2078
240462,772,48,1484
240471,577,45,1543
240480,964,56,1281
240505,166,32,3694
240514,168,74,3171
240596,165,85,4660
240620,245,52,2899
240657,257,86,4146
240666,349,61,3804
240693,233,53,2233
240718,1,2,6250
240727,1340,72,5855
240736,3,1,433
240745,1,0,1000
240754,2,0,5985
241100,47,70,1081
241128,61,90,683
241146,4,2,500
241191,12,10,768
241216,2,1,5000
241225,7,4,1474
241304,15,10,170
241377,84,89,433
241386,16,89,656
241395,14,18,479
241410,352,30,1013
241517,40,51,121
241614,2,6,100
241739,68,4,2675
241906,11,4,118
241951,1,1,200
242042,82,34,540
242112,19,14,216
242130,22,35,300
242149,72,53,166
242422,120,2,200
242556,80,42,600
242583,51,32,533
242617,241,30,643
242626,574,73,652
242635,261,36,385
242644,221,61,751
242653,440,69,979
242662,302,39,674
242680,86,23,534
242699,86,30,459
242705,209,24,836
242820,432,72,150
242945,259,100,167
242954,124,100,167
242972,71,10,200
243106,120,17,1411
243115,153,19,479
243133,827,85,290
243142,96,14,1621
243151,90,17,1452
243179,197,31,1134
243188,48,19,1263
243197,218,10,1668
243212,78,14,971
243221,799,37,495
243346,120,8,1458
243443,226,28,1861
243568,6,40,833
243577,250,49,566
243586,16,9,470
243601,9,0,1910
243665,164,56,3000
243744,943,56,52223
243780,3552,43,6773
243823,105,83,4013
243832,1,1,300
243841,143,73,102
244233,7,41,2893
244437,110,4,2712
244613,2,1,1700
245625,12,6,779
245652,68,96,40415
245777,4,100,8550
245953,63,61,8730
245999,93,24,1655
246017,63,15,954
246354,65,9,1828
246415,5,63,745
247047,3,8,1667
247065,5,12,150
247153,20,25,520
247409,31,44,308
247603,41,13,1025
247649,84,98,18177
247773,15,100,1855
247834,56,2,2264
247940,20,5,1856
248305,13,43,204
248703,14,7,1922
248925,37,5,777
248934,462,36,3718
250027,5,7,1566
250744,41,35,420
250902,1,2,1000
250993,5,29,2625
251260,361,35,4815
251312,7,44,4779
260372,17,85,4346
260691,4,2,1758
260789,38,51,1150
260929,2,2,875
261436,3,1,2083
261676,9,23,199
261685,20,54,365
261773,3,10,894
261861,15,38,2504
262031,98,8,686
262086,6,67,2460
262129,191,99,6395
262165,5,33,750
262341,107,41,59
262402,155,95,574
262466,1,14,300
362700,25,53,719
363013,14,40,231
363147,17,25,1191
363439,38,100,1901
363633,24,22,2710
363712,10,100,5617
363882,3,9,833
363907,12,40,589
363916,17,77,600
363934,86,75,7292
364016,157,29,1894
364025,198,22,1692
364548,19,26,1900
364575,1,5,1000
364627,25,42,613
364636,14,50,893
364760,10,53,823
364946,19,38,2206
365198,13,17,750
365204,11,7,2203
365213,15,58,1558
365374,125,65,1862
365480,9,20,2004
365505,1,3,658
365693,4,7,313
365824,45,47,269
365833,69,41,293
366191,140,27,2005
366252,258,22,5425
366340,31,89,4323
366395,39,1,2192
366401,2,0,550
366535,29,27,687
366711,1010,43,5477
367051,20,39,500
367088,6,50,1009
367158,25,56,318
367459,27,3,1243
367875,29,13,778
367884,6,10,1750
367981,1,6,2000
368230,16,41,334
368364,38,44,345
368443,144,76,1261
368452,37,45,721
368629,5,3,5530
368780,162,83,265
369109,6,22,1915
369400,548,50,1919
369419,168,15,680
369516,6,9,1061
369668,1,1,2000
369686,153,100,871
371052,96,42,946
372073,2,2,691
372329,34,10,608
372356,3,8,900
372718,23,25,520
372921,59,55,743
372958,6,100,982
373085,16,52,280
373678,2,4,598
373696,1,1,500
373711,2,12,9178
373784,117,29,194
374574,2,0,1827
375407,2,2,500
375416,75,46,750
375656,14,48,410
375683,26,26,2168
375726,50,34,1237
375984,65,49,217
376224,37,67,235
376385,13,4,388
377111,37,26,767
377218,15,20,879
377272,2,7,192
377281,3,4,220
377342,29,6,1762
377449,1,14,1000
377458,2,8,1000
377546,6,23,1685
377555,279,37,5204
377564,319,51,4983
377652,43,67,1079
377661,91,55,1375
377722,11,52,418
378105,2,2,4172
378576,3,12,267
380067,16,24,620
380359,25,66,2160
380368,2,2,1220
380377,12,16,1717
380456,19,73,1303
381370,137,59,1303
381404,7,2,807
382911,16,73,3054
382957,27,61,214
383084,29,4,236
383190,110,32,2411
383312,2,2,3217
383367,5,4,433
383765,31,41,123
383792,15,21,400
383996,1,2,540
384236,26,7,808
384245,53,13,1660
384254,45,51,9697
384333,203,21,1949
384342,95,17,2399
384421,4,67,6636
385132,7,13,940
385503,8,13,4597
385619,185,31,1945
386153,159,61,2741
386472,24,69,2646
392257,222,11,321
392354,1,100,1250
392415,114,37,127
392840,27,100,5708
393649,48,8,776
395362,7,6,583
397942,56,9,763
399212,19,2,1250
399869,67,74,2210
399911,111,100,32475
402776,1,14,1000
402800,22,58,63
403469,77,69,3408
403478,150,94,2823
403487,165,80,2808
404055,14,4,3905
404338,3,30,2382
404426,36,14,1581
404806,5,11,175
404912,2,1,5243
404994,403,36,5101
405012,23,43,1441
405058,30,58,3580
405076,190,26,1410
405854,20,95,3710
405872,133,34,3054
406024,2,1,5665
406033,5,2,5898
406149,19,29,2323
406547,4,19,1625
407009,614,93,9052
407179,6,26,113
407355,15,31,1419
407470,19,35,103
407568,6,23,708
407577,5,4,1600
407708,32,24,2159
407735,13,45,394
407832,3,2,1677
408066,10,22,1128
408385,319,33,1272
408729,2,3,500
408844,167,39,3600
409120,5,15,1633
409193,25,100,100
409315,44,2,1146
409698,464,47,5705
412173,1,2,32582
412599,38,22,1016
413413,5,33,805
413617,15,35,1067
413626,12,33,1513
413778,38,44,92
413802,21,19,500
413893,55,8,795
413945,2,6,500
414063,32,74,771
414124,36,10,549
414540,19,10,868
414823,289,100,18839
414869,12,48,2744
414911,10,5,3141
414939,5,1,1510
415039,14,44,498
417062,13,35,104
417123,12,11,1363
417327,2,20,3000
417381,4,20,113
417655,3,18,267
417752,7,88,3014
418029,1,33,88
418056,1,10,460
418205,3,3,3029
418223,1,2,1250
418250,25,33,1456
418296,16,10,2173
418302,16,30,1686
418339,15,35,1815
418348,14,30,2100
418357,4,18,1112
418560,1,4,500
418588,7,30,2000
418658,126,29,105
418782,8,6,500
418968,5,7,2000
419226,82,31,1354
419341,2,12,5041
419420,1,5,2970
419703,19,8,499
419712,6,7,500
419721,3,2,500
420024,3,33,675
420325,4,25,1771
420343,34,6,3631
420370,2,1,10000
420398,116,9,1472
420440,58,38,1238
420459,40,57,1500
420538,20,13,1704
420574,558,87,9022
420723,25,45,1174
421513,16,50,259
421610,1,3,1500
421665,2,100,1000
421832,15,35,2676
421841,106,100,12121
421878,4,5,245
421896,59,25,125
423397,23,9,100
423652,40,59,2268
425986,4,12,363
426314,15,14,570
427973,1,2,1098
427991,25,7,2093
428019,2,9,1969
428170,96,54,1711
428392,102,53,595
429012,21,30,6550
429128,12,100,2188
430184,1,13,7820
430218,15,75,413
430227,17,43,282
430245,266,31,1052
430582,200,47,200
430795,4,6,2641
430935,2,2,762
431017,9,19,874
431141,17,2,2663
431169,2,7,963
431558,9,4,1615
431600,1,8,1000
431716,22,6,2386
431983,15,83,5035
432074,9,26,1222
432117,12,19,863
432384,5,7,1830
432524,56,98,7674
433004,2,100,11246
433040,7,21,398
433068,14,8,1834
433420,12,23,2111
433536,6,46,1304
433660,1342,47,2138
434016,20,63,1825
434061,52,5,2336
434159,1,0,1250
434539,13,45,2538
434584,4,15,2311
434672,348,20,1043
434751,5,38,1650
434821,3,0,2498
434830,6,7,658
434900,1,2,100
434937,3,60,10513
436304,35,7,1330
436429,454,17,1943
436553,16,100,100
436614,8,100,6057
436641,42,54,67
436818,200,64,7107
436827,100,50,6953
436836,421,65,7243
437103,160,12,1752
437237,26,84,5854
437556,49,11,3211
437635,115,17,202
437732,1,20,4094
437778,19,7,526
437857,23,64,1696
438151,7,50,5198
438179,5,2,2381
438337,234,100,167
438498,2,25,1588
438504,215,27,1854
438586,23,27,995
438708,3,12,2860
438869,5,29,950
438984,24,63,387
439145,24,8,2122
439190,18,7,1356
439288,288,99,17860
439473,24,14,892
439701,14,74,1696
439738,13,34,132
439792,15,36,138
439862,3,20,217
439899,18,95,8083
440059,1,1,4000
440101,16,42,464
440271,10,59,1333
440402,47,16,1332
440730,4,2,719
440794,34,81,2990
440828,42,66,3384
441052,31,5,4026
441070,3,27,417
441210,4,11,1000
441371,1952,8,1445
441423,45,17,767
441511,1,7,825
441645,5,12,2044
441663,2,1,4312
441742,2,0,1211
441760,66,13,2026
441900,294,72,1286
441937,455,48,5370
441982,84,100,35798
442073,8,2,4862
442134,5,2,3605
442240,32,58,984
442329,629,56,2301
442356,14,22,5143
442383,13,46,1388
442426,13,26,293
442523,26,96,5551
442569,31,15,414
442611,301,50,2276
442657,8,5,625
442781,16,27,1238
442930,15,5,6209
442976,39,54,2487
443049,5,28,1880
443137,16,5,2000
443173,1,7,5000
443207,1,1,500
443261,22,18,2073
443331,1,6,12000
443340,1,33,1500
443377,3,9,4162
443410,47,22,8217
443492,105,35,1823
443562,1,2,200
443641,6,19,1000
443669,21,9,524
443678,3,14,458
443748,38,37,1354
444051,12,17,1181
444088,41,14,4710
444219,11,1,874
444255,39,76,810
444282,9,32,219
444291,10,30,105
444307,16,52,108
444370,19,35,119
444398,4,44,686
444404,4,10,550
444413,16,42,4321
444440,1,5,124
444556,401,70,1241
444565,16,47,1337
444787,109,19,1983
444796,180,98,4000
444811,1,1,350
444866,31,27,1370
444893,5,1,5000
444936,161,74,4462
444954,48,16,1920
445027,121,17,1253
445133,8,33,416
445188,1764,80,10817
445203,24,17,1141
445230,2,0,5300
445249,21,31,948
445364,1,0,3000
445461,7,8,804
445540,2,5,750
445638,5,50,100
445647,25,61,100
445656,25,51,100
445692,127,93,6111
445708,486,100,19573
445744,13,34,459
445799,96,17,3361
445841,10,15,895
445850,3,11,100
445911,4,1,2008
445948,233,27,1384
446048,328,99,16084
446093,20,48,93
446118,89,12,388
446136,23,25,992
446233,56,95,6199
446242,22,58,1450
446385,29,43,4184
446561,10,1,4507
446604,56,16,4018
446640,185,100,20192
446677,5,56,2433
446774,25,9,1522
447023,7,1,3643
447148,22,33,165
447166,2,9,113
447175,8,38,94
447263,14,39,1739
447403,80,35,2197
447421,8,62,420
447449,1,3,2400
447458,4,5,2614
447582,15,7,2291
447591,177,19,170
447607,58,12,815
447616,29,8,793
447689,59,3,7235
447722,1,2,2000
447768,150,13,2096
447810,15,7,1183
447953,60,76,2345
447971,1,1,1000
447999,62,74,2101
448123,120,57,133
448220,6,30,900
448248,6,2,1846
448354,6,17,483
448433,361,50,1976
448594,47,10,975
448619,28,35,1522
448673,25,25,924
448752,8,57,3864
448761,12,63,2052
448770,48,29,4060
448798,28,41,212
448840,310,58,3134
448886,1335,95,11204
448895,19,3,526
449074,3,1,1000
449092,20,26,500
449135,1,6,100
449250,141,18,184
449311,52,52,60
449320,11,4,7045
449339,25,58,838
449366,23,9,92
449384,1,20,2500
449463,5,2,950
449658,11,46,4303
449719,5,18,2800
449728,6,40,500
449764,23,66,3984
449773,57,42,704
449816,6,13,2238
449861,1,1,1000
449870,13,72,4012
449898,6,32,3078
449968,9,26,3958
449986,4,7,2250
449995,14,30,1096
450058,46,79,564
450067,33,69,130
450119,4,2,2866
450128,1,0,254
450571,7,23,1088
450599,14,40,118
450605,8,29,228
450614,10,32,98
450720,5,1,6610
450933,157,82,378
450951,43,62,2948
450979,37,60,2493
451103,21,3,1853
451149,8,6,1000
451158,15,10,3180
451264,3,12,350
451334,4,2,563
451352,49,25,1310
451370,5,71,3241
451398,37,71,9401
451404,21,21,2989
451556,54,7,2049
451565,3,7,833
451574,1,2,10000
451583,15,15,877
451671,63,59,2579
451714,3,4,250
451741,1,2,200
451750,111,73,7559
451820,41,85,2546
451857,23,29,867
451866,23,28,1013
451909,12,9,1300
451927,84,95,14065
452072,27,38,336
452081,64,37,351
452124,28,60,270
452887,3,4,5568
454184,138,97,22322
454227,2,8,5000
454236,1,14,5000
454537,11,26,1841
454546,1,1,500
454607,3,3,1083
454616,35,97,3303
454698,1,0,500
454722,2,9,2000
454810,395,12,3447
454847,124,78,3309
454874,1,4,1000
454926,2,2,2500
454944,35,83,1086
454971,1,33,3000
454980,10,53,1997
454999,5,13,2600
455008,14,21,3304
455114,142,20,1004
455141,1,1,1000
455202,1,1,350
455220,1,2,3850
455257,70,88,857
455275,5,4,2000
455284,1,2,2000
455336,36,44,2011
455354,3,2,7000
455381,10,30,750
455460,47,47,95
455479,18,47,653
455488,89,41,139
455558,24,71,1023
455725,8,1,1000
455770,35,100,17350
455859,38,31,815
455886,6,19,1660
455895,8,23,2842
455901,3,5,500
455910,1,5,500
455983,220,91,1330
456065,8,13,1464
456074,12,15,1429
456126,10,29,198
456135,13,30,121
456153,28,67,1659
456287,20,91,178
456454,2,4,1125
456506,40,48,520
456515,18,31,286
456959,107,63,2830
456977,8,47,800
457031,10,59,945
457086,1,7,250
457129,1,17,2122
457174,50,25,561
457323,7,5,1471
457378,8,42,926
457387,10,13,1147
457411,2,5,4000
457420,2,6,1500
457484,11,61,1295
457536,10,18,639
457545,24,71,2167
457554,2,13,375
457572,5,11,1000
457581,5,5,1333
457688,31,34,1315
457697,2,100,1775
457776,2,9,3100
457785,28,31,1964
458007,10,10,2092
458043,11,17,1259
458052,5,29,4066
458070,21,16,952
458131,13,14,701
458140,2,29,3892
458210,2,12,13000
458229,1,5,5286
458265,26,7,4052
458274,1,2,2000
458380,12,34,719
458496,22,61,2604
458681,20,67,118
458803,15,43,167
458812,5,20,120
458821,6,25,75
458830,24,50,250
458849,11,42,668
458858,17,27,97
458867,24,33,131
458982,26,65,2873
459000,16,35,113
459019,15,39,135
459046,10,37,205
459055,17,40,432
459064,13,39,192
459170,4,4,750
459204,10,0,1159
459231,2,2,1125
459259,9,75,2764
459268,4,80,4852
459295,17,36,772
459392,18,41,1722
459462,23,9,4363
459514,1,1,9071
459550,1,2,1000
459578,21,62,1167
459727,6,29,2316
459842,9,50,2574
459851,14,39,6485
459949,183,39,4892
459958,94,31,358
459967,206,29,1191
459985,269,36,1693
459994,1,7,65
460011,14,21,789
460020,5,21,227
460093,48,61,392
460109,50,52,590
460118,87,58,295
460127,22,37,269
460136,1,0,500
460181,21,2,1641
460190,7,3,500
460206,24,3,2721
460376,1,3,500
460385,7,23,2024
460394,395,47,446
460446,15,21,60
460464,2,0,1000
460482,8,15,400
460516,1,1,1000
460534,1,0,500
460543,305,38,1868
460677,38,53,162
460783,33,46,890
460899,15,75,4549
460978,21,9,1539
460996,34,44,2387
461014,23,10,585
461032,6,50,1417
461148,141,62,8563
461157,22,100,6432
461175,53,23,916
461193,4,5,1000
461245,5,11,1325
461272,10,77,2395
461315,2,18,3025
461421,13,18,1685
461494,41,67,810
461528,2,40,1303
461591,14,39,1071
461689,3,2,467
461704,43,39,1911
461713,1,6,206
461759,25,45,2945
461795,55,96,5000
461829,9,10,1500
461847,8,67,6745
461883,3,100,5235
461892,1,1,500
461917,9,19,2111
461926,10,14,1125
461962,118,35,423
462008,2,3,2500
462053,1,1,4100
462062,1,4,6000
462071,3,8,1167
462336,4,17,1428
462354,79,95,9665
463056,414,67,7210
464226,197,100,11857
465812,1016,14,4965
467863,8,17,688
467872,9,32,339
467906,21,50,690
468848,34,12,831
468909,51,17,765
469416,1,2,300
469638,15,6,4530
469957,1,1,5625
470038,47,9,809
470047,1,33,2000
470393,5,25,1813
474890,41,41,3233
474906,5,71,2459
474915,6,4,1500
474924,3,3,1500
475015,1,2,200
475024,94,57,412
475121,12,21,2739
475130,3,75,92
475325,2,0,500
475459,19,5,3342
475477,4,22,5349
475486,2,5,250
475608,6,75,6116
475662,6,21,344
475705,4,100,2000
475723,37,33,872
475839,1,7,250
476063,70,32,2252
476179,15,32,100
476230,21,54,295
476294,9,53,1852
476489,6,29,355
476601,16,73,4704
476692,5,83,3815
476717,21,14,2320
476823,13,59,338
476869,2,2,8600
476939,67,11,2721
476948,6,1,4833
476966,8,2,8000
477002,1,3,4189
477039,11,69,11729
477950,6,86,3467
477996,1,100,3600
478582,12,32,119
478591,4,2,1000
478616,15,41,110
478634,16,64,3698
478953,35,51,1393
479062,2,3,750
479248,159,87,1451
479424,2,0,534
480028,2,3,1500
480073,1,50,3300
480091,179,58,1677
480125,42,13,1935
480170,17,25,1059
480189,138,95,7350
480204,15,21,2996
480310,22,34,102
480471,41,9,805
480523,38,57,219
480532,47,60,388
480550,29,45,364
480657,2,7,375
480693,103,58,1332
480727,2,7,875
480824,71,20,125
480833,145,21,196
480888,6,4,5000
480930,11,39,2045
480967,60,88,4000
481021,3,7,1641
481058,3,100,1733
481137,26,72,11608
481155,1,1,2400
481191,93,27,814
481225,4,80,2757
481252,3,3,9035
481410,14,61,2976
481438,22,96,5403
481447,7,12,500
481456,1,7,1500
481465,4,50,987
481483,5,3,2403
481571,1,10,500
481678,9,30,228
481739,12,43,517
481748,15,25,100
481845,7,26,107
481863,23,38,267
481890,18,25,324
481906,56,44,542
482015,277,33,1809
482060,1,0,500
482097,47,15,3255
482149,132,13,10724
482158,103,8,4898
482176,23,43,2044
482185,21,41,1280
482228,1,6,270
482246,1,3,750
482291,84,13,830
482413,25,64,1786
482422,7,78,884
482431,16,67,2190
482440,5,100,4393
482459,5,83,1440
482468,8,89,501
482477,261,74,1496
482547,1,100,500
482556,3,43,699
482574,13,72,1087
482608,1,50,5318
482617,1,100,500
482635,2,67,1938
482653,1,100,3173
482680,499,12,3097
482699,129,17,5131
482936,297,94,3740
482963,9,5,5464
483018,34,100,26043
483045,7,1,2266
483106,8,20,1188
483124,670,64,6939
483212,61,11,850
483337,6,17,250
483382,11,6,750
483504,32,37,625
483665,4,44,250
483708,6,7,1500
483878,4,7,3944
484066,1,0,1000
484084,2,4,650
484206,39,60,3531
484330,13,37,277
484349,42,59,286
484358,50,53,254
484394,24,52,1001
484473,50,11,2014
484604,50,11,1956
484613,138,9,1013
484631,2,13,878
484826,15,54,2067
484835,41,82,147
484905,276,78,4518
484932,18,6,2542
484996,22,28,550
485014,4,13,113
485032,3,11,1833
485111,189,15,4297
485139,9,5,4556
485263,35,43,4321
485272,2,14,1500
485342,2,8,1410
485397,34,60,212
485698,13,50,8389
485768,20,21,2140
485856,4,44,4000
485999,25,96,5643
486017,2,29,2200
486026,19,76,6058
486053,2,8,4960
486123,1,20,2000
486150,2,6,2444
486196,40,70,4075
486239,23,100,5744
486284,64,93,4489
486488,1,100,9500
486567,4,6,1500
486594,2,18,4132
486691,9,24,228
486707,54,61,300
486716,29,42,295
486752,28,48,302
486798,742,46,2267
486813,1,0,6954
486822,10,2,955
486840,442,9,4758
486901,155,100,19976
486965,181,99,14832
486983,2,14,1000
487092,307,58,38248
487311,31,30,1696
487320,519,42,1466
487384,12,11,813
487393,54,10,778
487409,39,11,750
487418,10,7,750
487427,39,9,788
487436,22,8,761
487445,11,11,841
487454,20,5,788
487472,44,8,750
487481,1,0,4000
487490,25,7,780
487524,636,98,8607
487533,5,14,1650
487588,59,11,1498
487597,98,19,1760
487603,8,11,2376
487621,3,60,54
487658,14,39,2030
487676,4,6,1063
487746,2,100,3750
487968,2,2,1050
488086,17,50,3676
488101,25,96,3008
488138,6,6,313
488299,2,17,1776
488305,23,77,2446
488314,20,100,6187
488350,11,61,5064
488378,2,15,6000
488448,1,14,3284
488590,5,50,3276
488651,1,1,8969
488679,3,0,586
488730,93,17,1171
488785,47,100,9564
488846,226,31,912
488891,41,46,674
488925,4,9,379
488934,102,38,1929
488952,51,49,252
488961,34,40,379
488970,17,41,387
488989,1,1,18500
488998,10,20,900
489159,7,11,343
489201,48,6,735
489238,5,4,840
489283,75,14,145
489779,10,48,6075
489812,2,9,3912
489830,2,4,1000
489937,111,96,3446
490072,2,29,415
490081,3,30,5309
490090,1,5,3942
490133,11,11,729
490230,2,22,1800
490249,18,78,867
490258,1,4,1000
490276,32,100,3662
490319,4,67,3892
490498,20,100,8743
490504,7,88,3909
490513,12,63,4216
490805,279,25,3308
490814,23,51,294
490832,22,43,560
490841,30,41,316
490869,7,5,6036
490878,8,18,3632
490975,9,36,139
491057,1,20,3985
491136,30,52,256
491145,18,33,288
491181,7,25,3500
491224,3,21,1646
491446,63,75,2421
491525,6,75,3400
491543,21,31,2184
491613,17,100,4620
491622,19,95,6176
491640,39,100,3172
491710,14,67,4564
491756,3,6,5000
491817,68,65,2342
491844,2,6,2331
491899,46,28,1576
491914,15,65,3476
492005,2,10,1000
492069,4,11,2488
492139,3,6,12084
492397,2,7,9718
492449,5,4,4566
492722,12,4,520
492731,2,7,500
492801,14,23,1032
492962,1,0,1000
493132,25,8,2281
493372,2,20,1925
493451,5,31,1942
493594,5,42,2778
493600,49,91,3986
493619,26,43,3443
493646,90,66,1578
493655,7,25,15537
493707,15,65,3486
493716,14,82,7131
493752,6,75,6418
493798,61,50,3862
494250,4,100,1250
494436,5,26,1252
494463,147,98,5395
494524,46,94,663
494603,53,75,3185
494649,5,83,2500
494685,6,19,1083
494737,21,100,2400
494843,12,9,1300
494898,1,11,2339
